{
  "training_duration": "08:34:52",
  "training_start_epoch": 0,
  "training_epochs": 94,
  "epoch": 94,
  "training_coref_precision": 0.8080656107905915,
  "training_coref_recall": 0.6307540345245387,
  "training_coref_f1": 0.7080084851558798,
  "training_mention_recall": 0.9266447241543347,
  "training_loss": 30.178006136436803,
  "validation_coref_precision": 0.6740256369859434,
  "validation_coref_recall": 0.5488465447830908,
  "validation_coref_f1": 0.6046796943339373,
  "validation_mention_recall": 0.903262855651266,
  "validation_loss": 59.32289744233685,
  "best_epoch": 85,
  "best_validation_coref_precision": 0.677181608111279,
  "best_validation_coref_recall": 0.5497794764413868,
  "best_validation_coref_f1": 0.6065384779737463,
  "best_validation_mention_recall": 0.9034716784129471,
  "best_validation_loss": 58.822828387760126
}