{
  "training_duration": "05:58:28",
  "training_start_epoch": 0,
  "training_epochs": 82,
  "epoch": 82,
  "training_coref_precision": 0.7761932175925873,
  "training_coref_recall": 0.5688400253268067,
  "training_coref_f1": 0.6555650129634779,
  "training_mention_recall": 0.9154784710525977,
  "training_loss": 28.39938651430578,
  "validation_coref_precision": 0.6728009575454489,
  "validation_coref_recall": 0.5240833487138613,
  "validation_coref_f1": 0.5886340223654177,
  "validation_mention_recall": 0.9000261028452101,
  "validation_loss": 65.28630394693029,
  "best_epoch": 73,
  "best_validation_coref_precision": 0.6652462196532631,
  "best_validation_coref_recall": 0.5316328521731818,
  "best_validation_coref_f1": 0.5904375394575728,
  "best_validation_mention_recall": 0.8980944922996607,
  "best_validation_loss": 62.17373872391945
}