{
  "training_duration": "06:59:44",
  "training_start_epoch": 0,
  "training_epochs": 78,
  "epoch": 78,
  "training_coref_precision": 0.711479293614104,
  "training_coref_recall": 0.5123089314122927,
  "training_coref_f1": 0.59408069846021,
  "training_mention_recall": 0.9000179997171474,
  "training_loss": 21.12257741347577,
  "validation_coref_precision": 0.6406044997871709,
  "validation_coref_recall": 0.4800713556851513,
  "validation_coref_f1": 0.5473357244309442,
  "validation_mention_recall": 0.8864526233359437,
  "validation_loss": 87.61991224161488,
  "best_epoch": 69,
  "best_validation_coref_precision": 0.632373746892923,
  "best_validation_coref_recall": 0.4878556553071443,
  "best_validation_coref_f1": 0.5496390677357982,
  "best_validation_mention_recall": 0.8867136517880448,
  "best_validation_loss": 85.15206439996204
}