{
  "training_duration": "08:43:09",
  "training_start_epoch": 0,
  "training_epochs": 110,
  "epoch": 110,
  "training_coref_precision": 0.8044234352573559,
  "training_coref_recall": 0.6173557955852846,
  "training_coref_f1": 0.6979475945969765,
  "training_mention_recall": 0.9241954769282197,
  "training_loss": 29.85050231500159,
  "validation_coref_precision": 0.681916663943651,
  "validation_coref_recall": 0.5432987752276198,
  "validation_coref_f1": 0.6043481626246688,
  "validation_mention_recall": 0.9026885930566432,
  "validation_loss": 58.51847418311236,
  "best_epoch": 101,
  "best_validation_coref_precision": 0.6820992568722676,
  "best_validation_coref_recall": 0.5460276935876595,
  "best_validation_coref_f1": 0.6061296124724996,
  "best_validation_mention_recall": 0.9025841816758027,
  "best_validation_loss": 58.09730318877588
}