{
  "training_duration": "08:11:51",
  "training_start_epoch": 0,
  "training_epochs": 100,
  "epoch": 100,
  "training_coref_precision": 0.8075337396141209,
  "training_coref_recall": 0.6238148679366896,
  "training_coref_f1": 0.7033077744584012,
  "training_mention_recall": 0.9226590725002893,
  "training_loss": 30.35531870998778,
  "validation_coref_precision": 0.6785790236633296,
  "validation_coref_recall": 0.5518166244563901,
  "validation_coref_f1": 0.6083915133486151,
  "validation_mention_recall": 0.901018010963195,
  "validation_loss": 58.20476697949535,
  "best_epoch": 91,
  "best_validation_coref_precision": 0.67951612646741,
  "best_validation_coref_recall": 0.5533755067364347,
  "best_validation_coref_f1": 0.6096815126100403,
  "best_validation_mention_recall": 0.9015400678673976,
  "best_validation_loss": 58.16252374869796
}