{
  "training_duration": "02:53:03",
  "training_start_epoch": 0,
  "training_epochs": 40,
  "epoch": 40,
  "training_coref_precision": 0.7988514886911317,
  "training_coref_recall": 0.6010002736279426,
  "training_coref_f1": 0.6853087118405612,
  "training_mention_recall": 0.9176448073488135,
  "training_loss": 26.43265636269232,
  "validation_coref_precision": 0.6462990035337896,
  "validation_coref_recall": 0.5402349566724256,
  "validation_coref_f1": 0.5880494497077854,
  "validation_mention_recall": 0.9003915426781519,
  "validation_loss": 61.871885869353356,
  "best_epoch": 31,
  "best_validation_coref_precision": 0.648447723165056,
  "best_validation_coref_recall": 0.5415044017893933,
  "best_validation_coref_f1": 0.5897278850917959,
  "best_validation_mention_recall": 0.9011746280344558,
  "best_validation_loss": 62.245781532111344
}