{
  "training_duration": "04:43:47",
  "training_start_epoch": 0,
  "training_epochs": 76,
  "epoch": 76,
  "best_epoch": 66,
  "best_validation_coref_precision": 0.6026308212137366,
  "best_validation_coref_recall": 0.4661844084473004,
  "best_validation_coref_f1": 0.5249043059074058,
  "best_validation_mention_recall": 0.8844688070999739,
  "best_validation_loss": 99.16424979381507,
  "training_coref_precision": 0.6576917093948085,
  "training_coref_recall": 0.47134699036795746,
  "training_coref_f1": 0.5477700680233885,
  "training_mention_recall": 0.8944445158718934,
  "training_loss": 18.02282410367261,
  "validation_coref_precision": 0.6133820368578738,
  "validation_coref_recall": 0.45618472334984755,
  "validation_coref_f1": 0.5222190985468383,
  "validation_mention_recall": 0.8846254241712347,
  "validation_loss": 112.42871422275286
}