{
  "training_duration": "05:27:58",
  "training_start_epoch": 0,
  "training_epochs": 82,
  "epoch": 82,
  "best_epoch": 72,
  "best_validation_coref_precision": 0.6591584756640998,
  "best_validation_coref_recall": 0.5194629795848407,
  "best_validation_coref_f1": 0.5802479495410778,
  "best_validation_mention_recall": 0.9028974158183242,
  "best_validation_loss": 61.73428332348661,
  "training_coref_precision": 0.7471761874315416,
  "training_coref_recall": 0.5505670315930026,
  "training_coref_f1": 0.6324836579138131,
  "training_mention_recall": 0.918512709086,
  "training_loss": 30.82876850271897,
  "validation_coref_precision": 0.6641316464821888,
  "validation_coref_recall": 0.5113654545271287,
  "validation_coref_f1": 0.5768221077710852,
  "validation_mention_recall": 0.9018010963194988,
  "validation_loss": 63.02653611922615
}