{
  "training_duration": "06:53:53",
  "training_start_epoch": 0,
  "training_epochs": 96,
  "epoch": 96,
  "best_epoch": 45,
  "best_validation_coref_precision": 0.6025658465852773,
  "best_validation_coref_recall": 0.4774341659365768,
  "best_validation_coref_f1": 0.5320484602095629,
  "best_validation_mention_recall": 0.8838945445053511,
  "best_validation_loss": 78.3214216576319,
  "training_coref_precision": 0.6760574524436825,
  "training_coref_recall": 0.4844675688699913,
  "training_coref_f1": 0.56267821634831,
  "training_mention_recall": 0.8994137234986307,
  "training_loss": 22.879827914325364,
  "validation_coref_precision": 0.6177063038820488,
  "validation_coref_recall": 0.4664455509544759,
  "validation_coref_f1": 0.5304289670593864,
  "validation_mention_recall": 0.8876011485251892,
  "validation_loss": 91.02856452145366
}