{
  "training_duration": "06:30:50",
  "training_start_epoch": 0,
  "training_epochs": 89,
  "epoch": 89,
  "best_epoch": 79,
  "best_validation_coref_precision": 0.6729373923203589,
  "best_validation_coref_recall": 0.5386712151062247,
  "best_validation_coref_f1": 0.5978469345778005,
  "best_validation_mention_recall": 0.9058209344818585,
  "best_validation_loss": 59.08774850690743,
  "training_coref_precision": 0.7704581863515373,
  "training_coref_recall": 0.5825274790456536,
  "training_coref_f1": 0.6625949447233976,
  "training_mention_recall": 0.9232119209555278,
  "training_loss": 32.65905096392745,
  "validation_coref_precision": 0.6718374896995538,
  "validation_coref_recall": 0.5377823039356442,
  "validation_coref_f1": 0.5968926670717493,
  "validation_mention_recall": 0.9053510832680762,
  "validation_loss": 59.3186511925609
}