{
  "training_duration": "05:09:23",
  "training_start_epoch": 0,
  "training_epochs": 78,
  "epoch": 78,
  "best_epoch": 68,
  "best_validation_coref_precision": 0.6234942864270838,
  "best_validation_coref_recall": 0.5047951767812443,
  "best_validation_coref_f1": 0.556991418805594,
  "best_validation_mention_recall": 0.8933959801618376,
  "best_validation_loss": 67.12161169279062,
  "training_coref_precision": 0.7102603472086472,
  "training_coref_recall": 0.5186820239371012,
  "training_coref_f1": 0.5978151230324161,
  "training_mention_recall": 0.9090114298203885,
  "training_loss": 27.83540756254518,
  "validation_coref_precision": 0.6255793613131404,
  "validation_coref_recall": 0.49805376254372297,
  "validation_coref_f1": 0.5536456593929903,
  "validation_mention_recall": 0.8944400939702427,
  "validation_loss": 71.13618323118793
}