{
  "training_duration": "07:51:07",
  "training_start_epoch": 0,
  "training_epochs": 110,
  "epoch": 110,
  "best_epoch": 100,
  "best_validation_coref_precision": 0.677936772880925,
  "best_validation_coref_recall": 0.5457688165189555,
  "best_validation_coref_f1": 0.6043925779769258,
  "best_validation_mention_recall": 0.9019055077003393,
  "best_validation_loss": 60.3458363267012,
  "training_coref_precision": 0.7984403505719931,
  "training_coref_recall": 0.6198080395682942,
  "training_coref_f1": 0.697361719184047,
  "training_mention_recall": 0.9236169145913421,
  "training_loss": 27.53430368316743,
  "validation_coref_precision": 0.6763837817999176,
  "validation_coref_recall": 0.5455038025200107,
  "validation_coref_f1": 0.6036269321303178,
  "validation_mention_recall": 0.9019577133907596,
  "validation_loss": 60.577170388887126
}