{
  "training_duration": "06:41:04",
  "training_start_epoch": 0,
  "training_epochs": 94,
  "epoch": 94,
  "best_epoch": 84,
  "best_validation_coref_precision": 0.6687299706129227,
  "best_validation_coref_recall": 0.5533328025071479,
  "best_validation_coref_f1": 0.6052050943497648,
  "best_validation_mention_recall": 0.9051422605063952,
  "best_validation_loss": 58.404026866914926,
  "training_coref_precision": 0.7963751696146559,
  "training_coref_recall": 0.6179377057142957,
  "training_coref_f1": 0.6953837510459815,
  "training_mention_recall": 0.9258925931163939,
  "training_loss": 28.198540017095393,
  "validation_coref_precision": 0.6701193678160285,
  "validation_coref_recall": 0.5499848152186942,
  "validation_coref_f1": 0.6038296145571888,
  "validation_mention_recall": 0.9062385800052206,
  "validation_loss": 59.71986646437542
}