{
  "training_duration": "05:08:42",
  "training_start_epoch": 0,
  "training_epochs": 76,
  "epoch": 76,
  "best_epoch": 66,
  "best_validation_coref_precision": 0.6723160283786257,
  "best_validation_coref_recall": 0.5381194290589076,
  "best_validation_coref_f1": 0.597294989479755,
  "best_validation_mention_recall": 0.9010702166536152,
  "best_validation_loss": 59.64850612251908,
  "training_coref_precision": 0.7801577726452371,
  "training_coref_recall": 0.5951977474593907,
  "training_coref_f1": 0.6745423920869799,
  "training_mention_recall": 0.9184934236747708,
  "training_loss": 26.964204970715667,
  "validation_coref_precision": 0.674619334562351,
  "validation_coref_recall": 0.5357886143760836,
  "validation_coref_f1": 0.5968603521488213,
  "validation_mention_recall": 0.8990864004176455,
  "validation_loss": 62.11593452779272
}