{
  "training_duration": "06:26:18",
  "training_start_epoch": 0,
  "training_epochs": 95,
  "epoch": 95,
  "best_epoch": 85,
  "best_validation_coref_precision": 0.6804804185036928,
  "best_validation_coref_recall": 0.5409529681961504,
  "best_validation_coref_f1": 0.6023311229692747,
  "best_validation_mention_recall": 0.8994518402505873,
  "best_validation_loss": 59.70863739686744,
  "training_coref_precision": 0.7921223517716127,
  "training_coref_recall": 0.6106722730873019,
  "training_coref_f1": 0.6890447319503256,
  "training_mention_recall": 0.922716928733977,
  "training_loss": 27.300725927798602,
  "validation_coref_precision": 0.6740002915300396,
  "validation_coref_recall": 0.5418404176990149,
  "validation_coref_f1": 0.6003738250530454,
  "validation_mention_recall": 0.9011224223440355,
  "validation_loss": 60.709281776904106
}