{
  "training_duration": "06:30:50",
  "training_start_epoch": 0,
  "training_epochs": 83,
  "epoch": 83,
  "best_epoch": 73,
  "best_validation_coref_precision": 0.641157631766993,
  "best_validation_coref_recall": 0.5157095739960276,
  "best_validation_coref_f1": 0.5711270030040377,
  "best_validation_mention_recall": 0.9008613938919342,
  "best_validation_loss": 66.17452865894938,
  "training_coref_precision": 0.7314018437238881,
  "training_coref_recall": 0.5472954278503428,
  "training_coref_f1": 0.6248010924492594,
  "training_mention_recall": 0.9177284356960105,
  "training_loss": 28.734650098175106,
  "validation_coref_precision": 0.6407714688054089,
  "validation_coref_recall": 0.5130593036343251,
  "validation_coref_f1": 0.5693410027463425,
  "validation_mention_recall": 0.9026363873662229,
  "validation_loss": 68.5237804428096,
  "F1_deltas": 0.1797153288651146,
  "test_coref_precision": 0.6438228791908834,
  "test_coref_recall": 0.5194424859442565,
  "test_coref_f1": 0.5743458802366362,
  "test_mention_recall": 0.907103825136612
}