{
  "training_duration": "06:35:54",
  "training_start_epoch": 0,
  "training_epochs": 80,
  "epoch": 80,
  "best_epoch": 70,
  "best_validation_coref_precision": 0.6529115962157593,
  "best_validation_coref_recall": 0.5183755134487565,
  "best_validation_coref_f1": 0.5770406236081352,
  "best_validation_mention_recall": 0.903889323936309,
  "best_validation_loss": 65.60949181770341,
  "training_coref_precision": 0.7429784678415056,
  "training_coref_recall": 0.5503843369185412,
  "training_coref_f1": 0.630906390573735,
  "training_mention_recall": 0.9195669782331992,
  "training_loss": 29.567890606332288,
  "validation_coref_precision": 0.6495210090778684,
  "validation_coref_recall": 0.5165065382256403,
  "validation_coref_f1": 0.5745734630323008,
  "validation_mention_recall": 0.9035238841033673,
  "validation_loss": 66.1071807051888,
  "F1_deltas": 0.20618879700254636,
  "test_coref_precision": 0.6492971213483608,
  "test_coref_recall": 0.5204361335609483,
  "test_coref_f1": 0.5769910778798909,
  "test_mention_recall": 0.910595021250759
}