{
  "training_duration": "05:08:23",
  "training_start_epoch": 0,
  "training_epochs": 71,
  "epoch": 71,
  "best_epoch": 61,
  "best_validation_coref_precision": 0.6131126906608486,
  "best_validation_coref_recall": 0.45795664713051565,
  "best_validation_coref_f1": 0.5231702960264432,
  "best_validation_mention_recall": 0.8824327851735839,
  "best_validation_loss": 94.36148595498229,
  "training_coref_precision": 0.662104852725755,
  "training_coref_recall": 0.4605699647405721,
  "training_coref_f1": 0.5415444767152161,
  "training_mention_recall": 0.8910374265547256,
  "training_loss": 19.17047719851662,
  "validation_coref_precision": 0.6168163664535422,
  "validation_coref_recall": 0.4539173279729898,
  "validation_coref_f1": 0.5218346297544058,
  "validation_mention_recall": 0.8820673453406421,
  "validation_loss": 109.12885889293538,
  "F1_deltas": 0.00020798347526418393,
  "test_coref_precision": 0.601806208605291,
  "test_coref_recall": 0.45496410792890174,
  "test_coref_f1": 0.5169511872342042,
  "test_mention_recall": 0.8891418741145517
}