{
  "training_duration": "04:39:42",
  "training_start_epoch": 0,
  "training_epochs": 62,
  "epoch": 62,
  "best_epoch": 31,
  "best_validation_coref_precision": 0.5999735861169103,
  "best_validation_coref_recall": 0.45140946274731225,
  "best_validation_coref_f1": 0.5138176530528188,
  "best_validation_mention_recall": 0.8783085356303837,
  "best_validation_loss": 96.51334323679605,
  "training_coref_precision": 0.6566932329814638,
  "training_coref_recall": 0.45060116528279465,
  "training_coref_f1": 0.5325539035352752,
  "training_mention_recall": 0.8908895717353013,
  "training_loss": 19.257693859382115,
  "validation_coref_precision": 0.6067317204205294,
  "validation_coref_recall": 0.440056281012389,
  "validation_coref_f1": 0.5085108681667725,
  "validation_mention_recall": 0.8829026363873662,
  "validation_loss": 116.20433548232243,
  "F1_deltas": 0.000649975940959351,
  "test_coref_precision": 0.5969589204207685,
  "test_coref_recall": 0.4486921268835507,
  "test_coref_f1": 0.5107672967318343,
  "test_mention_recall": 0.8841833636915604
}