{
  "training_duration": "05:32:21",
  "training_start_epoch": 0,
  "training_epochs": 78,
  "epoch": 78,
  "best_epoch": 68,
  "best_validation_coref_precision": 0.6102076388352189,
  "best_validation_coref_recall": 0.45028243618469843,
  "best_validation_coref_f1": 0.5170032088842104,
  "best_validation_mention_recall": 0.8739232576350823,
  "best_validation_loss": 95.39163306288954,
  "training_coref_precision": 0.6564284294438861,
  "training_coref_recall": 0.4579795488669714,
  "training_coref_f1": 0.5380003672114851,
  "training_mention_recall": 0.8880160454621427,
  "training_loss": 19.727124764167854,
  "validation_coref_precision": 0.6077908403748536,
  "validation_coref_recall": 0.4440174254283941,
  "validation_coref_f1": 0.5122246970801628,
  "validation_mention_recall": 0.876324719394414,
  "validation_loss": 106.66012001234859,
  "F1_deltas": 0.0003880450185682728,
  "test_coref_precision": 0.6125778373226803,
  "test_coref_recall": 0.4544102248587983,
  "test_coref_f1": 0.5203790630429675,
  "test_mention_recall": 0.885043513458814
}