{
  "training_duration": "04:39:32",
  "training_start_epoch": 0,
  "training_epochs": 67,
  "epoch": 67,
  "best_epoch": 57,
  "best_validation_coref_precision": 0.6117304228021518,
  "best_validation_coref_recall": 0.4556931346055051,
  "best_validation_coref_f1": 0.5215628697961007,
  "best_validation_mention_recall": 0.8758548681806317,
  "best_validation_loss": 101.18839826140393,
  "training_coref_precision": 0.6571907404144192,
  "training_coref_recall": 0.46149064227199,
  "training_coref_f1": 0.5407260737945712,
  "training_mention_recall": 0.8870582033710899,
  "training_loss": 19.189349797067063,
  "validation_coref_precision": 0.6037715664596699,
  "validation_coref_recall": 0.4562064197520943,
  "validation_coref_f1": 0.519027649604761,
  "validation_mention_recall": 0.8770555990602976,
  "validation_loss": 106.09375459089557,
  "F1_deltas": 0.00030998472140681766,
  "test_coref_precision": 0.6049504646112106,
  "test_coref_recall": 0.45111987337368603,
  "test_coref_f1": 0.5157882067588283,
  "test_mention_recall": 0.8825642582473183
}