{
  "training_duration": "04:29:15",
  "training_start_epoch": 0,
  "training_epochs": 67,
  "epoch": 67,
  "best_epoch": 47,
  "best_validation_coref_precision": 0.5870329793502131,
  "best_validation_coref_recall": 0.47692383382417186,
  "best_validation_coref_f1": 0.5257503711519691,
  "best_validation_mention_recall": 0.8807622030801358,
  "best_validation_loss": 102.0721112664235,
  "training_coref_precision": 0.6488152989953838,
  "training_coref_recall": 0.47138589784672913,
  "training_coref_f1": 0.5445727647676634,
  "training_mention_recall": 0.894225947877962,
  "training_loss": 22.434169385015206,
  "validation_coref_precision": 0.604131533090318,
  "validation_coref_recall": 0.46156129609529833,
  "validation_coref_f1": 0.5222164567674458,
  "validation_mention_recall": 0.8864004176455234,
  "validation_loss": 98.68508598921174,
  "F1_deltas": 0.00014226101907422644,
  "test_coref_precision": 0.5858187816654697,
  "test_coref_recall": 0.47807919789629766,
  "test_coref_f1": 0.5257431391377617,
  "test_mention_recall": 0.8879781420765027
}