{
  "training_duration": "05:40:12",
  "training_start_epoch": 0,
  "training_epochs": 78,
  "epoch": 78,
  "best_epoch": 68,
  "best_validation_coref_precision": 0.6190861636315482,
  "best_validation_coref_recall": 0.4528614693827236,
  "best_validation_coref_f1": 0.522041852492125,
  "best_validation_mention_recall": 0.8852518924562778,
  "best_validation_loss": 105.48411851560387,
  "training_coref_precision": 0.6587685238575468,
  "training_coref_recall": 0.46824251257010724,
  "training_coref_f1": 0.5461146020839039,
  "training_mention_recall": 0.8944252304606642,
  "training_loss": 17.67628109052982,
  "validation_coref_precision": 0.6094056299191457,
  "validation_coref_recall": 0.45499917803436124,
  "validation_coref_f1": 0.5200415923091798,
  "validation_mention_recall": 0.8853563038371183,
  "validation_loss": 114.07413075457302,
  "F1_deltas": 0.0003075891949744412,
  "test_coref_precision": 0.6126534657152596,
  "test_coref_recall": 0.4558344496962457,
  "test_coref_f1": 0.5215284489950268,
  "test_mention_recall": 0.8933920259056871
}