{
  "training_duration": "05:23:54",
  "training_start_epoch": 0,
  "training_epochs": 71,
  "epoch": 71,
  "best_epoch": 61,
  "best_validation_coref_precision": 0.6215381241048817,
  "best_validation_coref_recall": 0.45117887337967416,
  "best_validation_coref_f1": 0.521819119993561,
  "best_validation_mention_recall": 0.8715217958757504,
  "best_validation_loss": 104.62839559377711,
  "training_coref_precision": 0.6618737599836357,
  "training_coref_recall": 0.4574195068390447,
  "training_coref_f1": 0.5393847520301245,
  "training_mention_recall": 0.8856953676442227,
  "training_loss": 18.188747843164172,
  "validation_coref_precision": 0.6146005414641141,
  "validation_coref_recall": 0.44820035769025335,
  "validation_coref_f1": 0.5172327563693285,
  "validation_mention_recall": 0.8730357608979379,
  "validation_loss": 111.91735420844222,
  "F1_deltas": 0.00021145065209841448,
  "test_coref_precision": 0.6137309906666264,
  "test_coref_recall": 0.4460980324559112,
  "test_coref_f1": 0.5154911382630434,
  "test_mention_recall": 0.8817547055251973
}