{
  "training_duration": "05:47:46",
  "training_start_epoch": 0,
  "training_epochs": 74,
  "epoch": 74,
  "best_epoch": 64,
  "best_validation_coref_precision": 0.5910675923554921,
  "best_validation_coref_recall": 0.46257052213624855,
  "best_validation_coref_f1": 0.5183740720808468,
  "best_validation_mention_recall": 0.8807622030801358,
  "best_validation_loss": 103.15196083096988,
  "training_coref_precision": 0.6494171867041011,
  "training_coref_recall": 0.47056261249125536,
  "training_coref_f1": 0.5441368733434098,
  "training_mention_recall": 0.8919245554712711,
  "training_loss": 19.193475887602865,
  "validation_coref_precision": 0.5935126566109202,
  "validation_coref_recall": 0.4577598989734244,
  "validation_coref_f1": 0.5161051261585895,
  "validation_mention_recall": 0.880814408770556,
  "validation_loss": 109.10186731829661,
  "F1_deltas": 4.367518206587213e-05,
  "test_coref_precision": 0.5949645884330714,
  "test_coref_recall": 0.468035888901724,
  "test_coref_f1": 0.5228085152718976,
  "test_mention_recall": 0.8914187411455171
}