{
  "training_duration": "08:33:53",
  "training_start_epoch": 0,
  "training_epochs": 100,
  "epoch": 100,
  "best_epoch": 90,
  "best_validation_coref_precision": 0.6274369994450365,
  "best_validation_coref_recall": 0.4688231722730544,
  "best_validation_coref_f1": 0.5357055273621453,
  "best_validation_mention_recall": 0.8773688332028191,
  "best_validation_loss": 126.02841505452653,
  "training_coref_precision": 0.6739182150324021,
  "training_coref_recall": 0.48095508921365776,
  "training_coref_f1": 0.5597641905291888,
  "training_mention_recall": 0.8924259761632317,
  "training_loss": 14.631766968833263,
  "validation_coref_precision": 0.6273372984325146,
  "validation_coref_recall": 0.468019525587251,
  "validation_coref_f1": 0.5351206712950652,
  "validation_mention_recall": 0.8788305925345863,
  "validation_loss": 131.31624706711293,
  "ensemble_validation_coref_precision": 0.6371605640668155,
  "ensemble_validation_coref_recall": 0.46301950335240233,
  "ensemble_validation_coref_f1": 0.5351775794889118,
  "ensemble_validation_mention_recall": 0.880814408770556,
  "ensemble_validation_loss": 120.81445971984449,
  "test_coref_precision": 0.6199459771832586,
  "test_coref_recall": 0.4653699633130817,
  "test_coref_f1": 0.5304495314886293,
  "test_mention_recall": 0.887016798218984
}