{
  "training_duration": "19:04:36",
  "training_start_epoch": 0,
  "training_epochs": 278,
  "epoch": 278,
  "best_epoch": 268,
  "best_validation_coref_precision": 0.6549779620435356,
  "best_validation_coref_recall": 0.49737330276468944,
  "best_validation_coref_f1": 0.5645967634055452,
  "best_validation_mention_recall": 0.8955886191594884,
  "best_validation_loss": 86.91023246130622,
  "training_coref_precision": 0.7321963567339465,
  "training_coref_recall": 0.5390918450756034,
  "training_coref_f1": 0.619975654678201,
  "training_mention_recall": 0.9083750112498232,
  "training_loss": 19.279960670011327,
  "validation_coref_precision": 0.6526288568645858,
  "validation_coref_recall": 0.4978247765965376,
  "validation_coref_f1": 0.5641147561680561,
  "validation_mention_recall": 0.8947533281127643,
  "validation_loss": 87.39245411223439,
  "ensemble_validation_coref_precision": 0.6697519052254597,
  "ensemble_validation_coref_recall": 0.49456294909597737,
  "ensemble_validation_coref_f1": 0.5678805921052461,
  "ensemble_validation_mention_recall": 0.9006003654398329,
  "ensemble_validation_loss": 88.33361709588218,
  "test_coref_precision": 0.6449355080456644,
  "test_coref_recall": 0.4981878275712756,
  "test_coref_f1": 0.5612303581292227,
  "test_mention_recall": 0.9012851649463671
}