{
  "training_duration": "00:35:47",
  "training_start_epoch": 0,
  "training_epochs": 326,
  "epoch": 326,
  "best_epoch": 316,
  "best_validation_coref_precision": 0.6672527744538868,
  "best_validation_coref_recall": 0.543406068395691,
  "best_validation_coref_f1": 0.5988039294639164,
  "best_validation_mention_recall": 0.9032106499608458,
  "best_validation_loss": 62.91079245356309,
  "training_coref_precision": 0.7980172616474634,
  "training_coref_recall": 0.6253055885095576,
  "training_coref_f1": 0.7007653437784697,
  "training_mention_recall": 0.9263297291042569,
  "training_loss": 24.910646586955185,
  "validation_coref_precision": 0.6643880524675829,
  "validation_coref_recall": 0.5426989541928179,
  "validation_coref_f1": 0.5971899202118273,
  "validation_mention_recall": 0.9034194727225268,
  "validation_loss": 63.59457820297915,
  "ensemble_validation_coref_precision": 0.7061594838821192,
  "ensemble_validation_coref_recall": 0.5450748870051191,
  "ensemble_validation_coref_f1": 0.6147910508855415,
  "ensemble_validation_mention_recall": 0.9083268076220308,
  "ensemble_validation_loss": 56.99553667751084,
  "test_coref_precision": 0.6665930664848712,
  "test_coref_recall": 0.5494694834559348,
  "test_coref_f1": 0.6019647463225818,
  "test_mention_recall": 0.9105444242056264
}