{
  "training_duration": "19:59:33",
  "training_start_epoch": 0,
  "training_epochs": 266,
  "epoch": 266,
  "best_epoch": 256,
  "best_validation_coref_precision": 0.6503564270766705,
  "best_validation_coref_recall": 0.505828283753448,
  "best_validation_coref_f1": 0.5683041845022129,
  "best_validation_mention_recall": 0.8900548159749413,
  "best_validation_loss": 71.5429042826404,
  "training_coref_precision": 0.741037816187664,
  "training_coref_recall": 0.5401954471193827,
  "training_coref_f1": 0.6236220693696181,
  "training_mention_recall": 0.9145656282544131,
  "training_loss": 22.19357389405593,
  "validation_coref_precision": 0.6613104506596325,
  "validation_coref_recall": 0.49700826832695594,
  "validation_coref_f1": 0.5665862632879543,
  "validation_mention_recall": 0.8981989036805011,
  "validation_loss": 80.58444576477072,
  "ensemble_validation_coref_precision": 0.6802918944392533,
  "ensemble_validation_coref_recall": 0.5000402053290872,
  "ensemble_validation_coref_f1": 0.5752978147033451,
  "ensemble_validation_mention_recall": 0.9007047768206734,
  "ensemble_validation_loss": 78.13875070664473,
  "test_coref_precision": 0.6459666723686183,
  "test_coref_recall": 0.5134781331578907,
  "test_coref_f1": 0.5714088303067891,
  "test_mention_recall": 0.8988059097348715
}