{
  "training_duration": "21:00:57",
  "training_start_epoch": 0,
  "training_epochs": 245,
  "epoch": 245,
  "best_epoch": 235,
  "best_validation_coref_precision": 0.6218398050923871,
  "best_validation_coref_recall": 0.46308698763977585,
  "best_validation_coref_f1": 0.5294711745085616,
  "best_validation_mention_recall": 0.885095275385017,
  "best_validation_loss": 136.2710277869082,
  "training_coref_precision": 0.6797591649481403,
  "training_coref_recall": 0.4808406190145374,
  "training_coref_f1": 0.5616142312783542,
  "training_mention_recall": 0.8974080407307885,
  "training_loss": 14.073120483688324,
  "validation_coref_precision": 0.6247725129184293,
  "validation_coref_recall": 0.46044738653935186,
  "validation_coref_f1": 0.5287961968895626,
  "validation_mention_recall": 0.8865570347167842,
  "validation_loss": 142.89495526251767,
  "ensemble_validation_coref_precision": 0.636142735833071,
  "ensemble_validation_coref_recall": 0.45994979289717514,
  "ensemble_validation_coref_f1": 0.5324859641523984,
  "ensemble_validation_mention_recall": 0.8856695379796398,
  "ensemble_validation_loss": 126.56912318946124
}