{
  "training_duration": "20:52:18",
  "training_start_epoch": 0,
  "training_epochs": 280,
  "epoch": 280,
  "best_epoch": 270,
  "best_validation_coref_precision": 0.6603408612926219,
  "best_validation_coref_recall": 0.48677638509254223,
  "best_validation_coref_f1": 0.559030286621519,
  "best_validation_mention_recall": 0.886922474549726,
  "best_validation_loss": 79.50273477291938,
  "training_coref_precision": 0.7409383248286318,
  "training_coref_recall": 0.5237509612878363,
  "training_coref_f1": 0.6116951938275824,
  "training_mention_recall": 0.9075714524486044,
  "training_loss": 19.93086614379308,
  "validation_coref_precision": 0.6576971445282486,
  "validation_coref_recall": 0.48659324932319786,
  "validation_coref_f1": 0.557874983067013,
  "validation_mention_recall": 0.8920908379013313,
  "validation_loss": 85.15694523712827,
  "ensemble_validation_coref_precision": 0.6804413495127292,
  "ensemble_validation_coref_recall": 0.4841562304103085,
  "ensemble_validation_coref_f1": 0.5640810451300883,
  "ensemble_validation_mention_recall": 0.8956408248499086,
  "ensemble_validation_loss": 83.25624524349884
}