{
  "training_duration": "02:23:26",
  "training_start_epoch": 0,
  "training_epochs": 324,
  "epoch": 324,
  "best_epoch": 314,
  "best_validation_coref_precision": 0.68017352806444,
  "best_validation_coref_recall": 0.5566905126764324,
  "best_validation_coref_f1": 0.6118957582302856,
  "best_validation_mention_recall": 0.9046202036021926,
  "best_validation_loss": 58.46245984205808,
  "training_coref_precision": 0.8085335672093411,
  "training_coref_recall": 0.6401050004093363,
  "training_coref_f1": 0.7141184891231186,
  "training_mention_recall": 0.9277954203576801,
  "training_loss": 29.672390015525988,
  "validation_coref_precision": 0.6786058810590029,
  "validation_coref_recall": 0.5561509834923547,
  "validation_coref_f1": 0.6108630395610891,
  "validation_mention_recall": 0.9051422605063952,
  "validation_loss": 58.6403348597945,
  "ensemble_validation_coref_precision": 0.7160239295749737,
  "ensemble_validation_coref_recall": 0.5563634534920358,
  "ensemble_validation_coref_f1": 0.6256541077011044,
  "ensemble_validation_mention_recall": 0.9096319498825371,
  "ensemble_validation_loss": 53.91912431579623
}