{
  "training_duration": "22:48:02",
  "training_start_epoch": 0,
  "training_epochs": 304,
  "epoch": 304,
  "best_epoch": 294,
  "best_validation_coref_precision": 0.6595047649499254,
  "best_validation_coref_recall": 0.5042649624406068,
  "best_validation_coref_f1": 0.5704491648419124,
  "best_validation_mention_recall": 0.8996084573218481,
  "best_validation_loss": 70.5686602726451,
  "training_coref_precision": 0.7573216464077341,
  "training_coref_recall": 0.5401927490785324,
  "training_coref_f1": 0.6289251990874081,
  "training_mention_recall": 0.9140834929736819,
  "training_loss": 23.05871309617049,
  "validation_coref_precision": 0.6693177761669217,
  "validation_coref_recall": 0.49750150609311183,
  "validation_coref_f1": 0.5696067794735048,
  "validation_mention_recall": 0.9016966849386583,
  "validation_loss": 77.67908158703435,
  "ensemble_validation_coref_precision": 0.6853597631533427,
  "ensemble_validation_coref_recall": 0.49850991875415956,
  "ensemble_validation_coref_f1": 0.5758658308149713,
  "ensemble_validation_mention_recall": 0.8996606630122683,
  "ensemble_validation_loss": 71.184536513635
}