{
  "training_duration": "20:11:10",
  "training_start_epoch": 0,
  "training_epochs": 267,
  "epoch": 267,
  "best_epoch": 257,
  "best_validation_coref_precision": 0.6589424465861682,
  "best_validation_coref_recall": 0.4703277159428623,
  "best_validation_coref_f1": 0.5471861908278804,
  "best_validation_mention_recall": 0.8870790916209866,
  "best_validation_loss": 90.27621658735247,
  "training_coref_precision": 0.7203137424261906,
  "training_coref_recall": 0.5020659200337421,
  "training_coref_f1": 0.5896114588518028,
  "training_mention_recall": 0.9020172540145798,
  "training_loss": 17.992627605812608,
  "validation_coref_precision": 0.6481099434457037,
  "validation_coref_recall": 0.47022756682213157,
  "validation_coref_f1": 0.5433732420674086,
  "validation_mention_recall": 0.8889584964761159,
  "validation_loss": 92.4667715812235,
  "ensemble_validation_coref_precision": 0.6710496275167861,
  "ensemble_validation_coref_recall": 0.4690045141430453,
  "ensemble_validation_coref_f1": 0.5503266294775484,
  "ensemble_validation_mention_recall": 0.8905246671887236,
  "ensemble_validation_loss": 90.74958144812565
}