{
  "training_duration": "02:32:09",
  "training_start_epoch": 0,
  "training_epochs": 305,
  "epoch": 305,
  "best_epoch": 295,
  "best_validation_coref_precision": 0.6785349463659353,
  "best_validation_coref_recall": 0.5228779323862514,
  "best_validation_coref_f1": 0.5895451376828814,
  "best_validation_mention_recall": 0.903262855651266,
  "best_validation_loss": 64.40614226798905,
  "training_coref_precision": 0.7798059813134767,
  "training_coref_recall": 0.5797781788413877,
  "training_coref_f1": 0.6638629911659802,
  "training_mention_recall": 0.9220419393409532,
  "training_loss": 26.927487243963473,
  "validation_coref_precision": 0.6738950427651355,
  "validation_coref_recall": 0.52337712447583,
  "validation_coref_f1": 0.588279338212639,
  "validation_mention_recall": 0.9044113808405116,
  "validation_loss": 65.64889945928886,
  "ensemble_validation_coref_precision": 0.7011390590570109,
  "ensemble_validation_coref_recall": 0.522633679471265,
  "ensemble_validation_coref_f1": 0.5976424196618596,
  "ensemble_validation_mention_recall": 0.909788566953798,
  "ensemble_validation_loss": 63.16226954268267
}