{
  "training_duration": "22:24:32",
  "training_start_epoch": 0,
  "training_epochs": 293,
  "epoch": 293,
  "best_epoch": 283,
  "best_validation_coref_precision": 0.6818040163216081,
  "best_validation_coref_recall": 0.5412180907504702,
  "best_validation_coref_f1": 0.6028697891859344,
  "best_validation_mention_recall": 0.9061863743148003,
  "best_validation_loss": 59.25750735435165,
  "training_coref_precision": 0.7990814724514816,
  "training_coref_recall": 0.6138885665707213,
  "training_coref_f1": 0.6935706829542191,
  "training_mention_recall": 0.9273389989585878,
  "training_loss": 29.361695598444392,
  "validation_coref_precision": 0.6772702920201475,
  "validation_coref_recall": 0.5421284858320916,
  "validation_coref_f1": 0.601591137955555,
  "validation_mention_recall": 0.9058731401722788,
  "validation_loss": 60.61641003615012,
  "ensemble_validation_coref_precision": 0.7166333949036273,
  "ensemble_validation_coref_recall": 0.5397724986782857,
  "ensemble_validation_coref_f1": 0.6148407194132517,
  "ensemble_validation_mention_recall": 0.909788566953798,
  "ensemble_validation_loss": 54.26743236142985
}