{
  "training_duration": "11:35:08",
  "training_start_epoch": 0,
  "training_epochs": 115,
  "epoch": 115,
  "best_epoch": 105,
  "best_validation_coref_precision": 0.6719738244614871,
  "best_validation_coref_recall": 0.5309438117295083,
  "best_validation_coref_f1": 0.5927568895503884,
  "best_validation_mention_recall": 0.9063429913860611,
  "best_validation_loss": 59.86289459881821,
  "training_coref_precision": 0.775327055070408,
  "training_coref_recall": 0.5857135761745318,
  "training_coref_f1": 0.6665213875695793,
  "training_mention_recall": 0.9232054924851181,
  "training_loss": 26.495084762742543,
  "validation_coref_precision": 0.670823924629988,
  "validation_coref_recall": 0.5289345246928349,
  "validation_coref_f1": 0.5908645483396597,
  "validation_mention_recall": 0.9045679979117723,
  "validation_loss": 63.96012203426524,
  "ensemble_validation_coref_precision": 0.7016184634100551,
  "ensemble_validation_coref_recall": 0.5318484599425934,
  "ensemble_validation_coref_f1": 0.604286577886341,
  "ensemble_validation_mention_recall": 0.9105716523101018,
  "ensemble_validation_loss": 59.60504316412179,
  "test_coref_precision": 0.671954572468494,
  "test_coref_recall": 0.5382321019697679,
  "test_coref_f1": 0.5972340786052126,
  "test_mention_recall": 0.9142380085003036
}