{
  "training_duration": "05:27:55",
  "training_start_epoch": 0,
  "training_epochs": 92,
  "epoch": 92,
  "best_epoch": 82,
  "best_validation_coref_precision": 0.6594045107586328,
  "best_validation_coref_recall": 0.5031840815002299,
  "best_validation_coref_f1": 0.5698504561632708,
  "best_validation_mention_recall": 0.8967893500391543,
  "best_validation_loss": 79.90980865422884,
  "training_coref_precision": 0.7533351879056273,
  "training_coref_recall": 0.5521996984374122,
  "training_coref_f1": 0.6358806271846764,
  "training_mention_recall": 0.9121035240874786,
  "training_loss": 21.548512438434663,
  "validation_coref_precision": 0.6583657150533954,
  "validation_coref_recall": 0.5026488498956881,
  "validation_coref_f1": 0.569099846431091,
  "validation_mention_recall": 0.896110676063691,
  "validation_loss": 80.30946122004097,
  "test_coref_precision": 0.6592861506114159,
  "test_coref_recall": 0.5040503636283649,
  "test_coref_f1": 0.5703619359762906,
  "test_mention_recall": 0.9036126290224651
}