{
  "training_duration": "05:14:21",
  "training_start_epoch": 0,
  "training_epochs": 96,
  "epoch": 96,
  "best_epoch": 86,
  "best_validation_coref_precision": 0.6661688373899212,
  "best_validation_coref_recall": 0.5312086998356252,
  "best_validation_coref_f1": 0.5906786673893011,
  "best_validation_mention_recall": 0.8991386061080657,
  "best_validation_loss": 64.8159925069812,
  "training_coref_precision": 0.7721298125358537,
  "training_coref_recall": 0.5823314780834077,
  "training_coref_f1": 0.663004487406695,
  "training_mention_recall": 0.915266331529076,
  "training_loss": 24.83223963023531,
  "validation_coref_precision": 0.6662164980262775,
  "validation_coref_recall": 0.528203483575394,
  "validation_coref_f1": 0.5887181263891156,
  "validation_mention_recall": 0.8967893500391543,
  "validation_loss": 67.4238766020316,
  "test_coref_precision": 0.6615672302543664,
  "test_coref_recall": 0.5336541603588232,
  "test_coref_f1": 0.5902162499199864,
  "test_mention_recall": 0.9067496458206841
}