{
  "training_duration": "17:31:47",
  "training_start_epoch": 0,
  "training_epochs": 240,
  "epoch": 240,
  "best_epoch": 230,
  "best_validation_coref_precision": 0.6157528503997939,
  "best_validation_coref_recall": 0.47302402025036067,
  "best_validation_coref_f1": 0.5341131167712946,
  "best_validation_mention_recall": 0.8861393891934221,
  "best_validation_loss": 114.0689207978647,
  "training_coref_precision": 0.6717344680457633,
  "training_coref_recall": 0.486933174580275,
  "training_coref_f1": 0.5632632260457096,
  "training_mention_recall": 0.8983401689402024,
  "training_loss": 15.002891190788917,
  "validation_coref_precision": 0.6204166522341349,
  "validation_coref_recall": 0.4677356407057387,
  "validation_coref_f1": 0.5322178158338334,
  "validation_mention_recall": 0.8871835030018272,
  "validation_loss": 129.32377508592458,
  "ensemble_validation_coref_precision": 0.6321341039468158,
  "ensemble_validation_coref_recall": 0.4689001639611557,
  "ensemble_validation_coref_f1": 0.5372246363406146,
  "ensemble_validation_mention_recall": 0.8909945184025059,
  "ensemble_validation_loss": 111.86497885372276
}