{
  "training_duration": "02:05:36",
  "training_start_epoch": 0,
  "training_epochs": 283,
  "epoch": 283,
  "best_epoch": 273,
  "best_validation_coref_precision": 0.6628127059325581,
  "best_validation_coref_recall": 0.4919998706568647,
  "best_validation_coref_f1": 0.5637589679839717,
  "best_validation_mention_recall": 0.8967893500391543,
  "best_validation_loss": 84.96285562741681,
  "training_coref_precision": 0.7393881975803502,
  "training_coref_recall": 0.5290392824999147,
  "training_coref_f1": 0.6154517361594726,
  "training_mention_recall": 0.9095449928643978,
  "training_loss": 20.01483802263834,
  "validation_coref_precision": 0.6602950119287141,
  "validation_coref_recall": 0.4910252274874605,
  "validation_coref_f1": 0.5621863092007646,
  "validation_mention_recall": 0.8968937614199948,
  "validation_loss": 85.58933073667261,
  "ensemble_validation_coref_precision": 0.6778129434957983,
  "ensemble_validation_coref_recall": 0.48977002992001156,
  "ensemble_validation_coref_f1": 0.5673480433100041,
  "ensemble_validation_mention_recall": 0.9005481597494127,
  "ensemble_validation_loss": 86.42250970341217
}