{
  "training_duration": "00:58:50",
  "training_start_epoch": 0,
  "training_epochs": 328,
  "epoch": 328,
  "best_epoch": 318,
  "best_validation_coref_precision": 0.6804189339624428,
  "best_validation_coref_recall": 0.5532559442546122,
  "best_validation_coref_f1": 0.6097689129424083,
  "best_validation_mention_recall": 0.9045157922213521,
  "best_validation_loss": 57.31868093550672,
  "training_coref_precision": 0.8100692343615904,
  "training_coref_recall": 0.6402383946840807,
  "training_coref_f1": 0.7147545810138224,
  "training_mention_recall": 0.9297432468918345,
  "training_loss": 30.201396027897975,
  "validation_coref_precision": 0.678108056844083,
  "validation_coref_recall": 0.5508380906216521,
  "validation_coref_f1": 0.6074157162142618,
  "validation_mention_recall": 0.9047246149830331,
  "validation_loss": 57.661064427747505,
  "ensemble_validation_coref_precision": 0.7133679690899895,
  "ensemble_validation_coref_recall": 0.5573166688924172,
  "ensemble_validation_coref_f1": 0.6251979783833236,
  "ensemble_validation_mention_recall": 0.9106760636909423,
  "ensemble_validation_loss": 54.042403005174855
}