{
  "training_duration": "20:49:27",
  "training_start_epoch": 0,
  "training_epochs": 278,
  "epoch": 278,
  "best_epoch": 268,
  "best_validation_coref_precision": 0.6565322280507604,
  "best_validation_coref_recall": 0.502615618204909,
  "best_validation_coref_f1": 0.568491616445553,
  "best_validation_mention_recall": 0.8892195249282172,
  "best_validation_loss": 70.95176081139317,
  "training_coref_precision": 0.7450813286707018,
  "training_coref_recall": 0.5350419994090623,
  "training_coref_f1": 0.6216157863189133,
  "training_mention_recall": 0.90922999781432,
  "training_loss": 21.89848551760868,
  "validation_coref_precision": 0.6584354196921482,
  "validation_coref_recall": 0.49900475687314044,
  "validation_coref_f1": 0.5669310590088316,
  "validation_mention_recall": 0.8901592273557818,
  "validation_loss": 76.76137039662439,
  "ensemble_validation_coref_precision": 0.6792367104294685,
  "ensemble_validation_coref_recall": 0.49948338734549025,
  "ensemble_validation_coref_f1": 0.5747243168671496,
  "ensemble_validation_mention_recall": 0.8933959801618376,
  "ensemble_validation_loss": 74.44028920628512
}