{
  "training_duration": "19:13:36",
  "training_start_epoch": 0,
  "training_epochs": 250,
  "epoch": 250,
  "best_epoch": 240,
  "best_validation_coref_precision": 0.6525227301765716,
  "best_validation_coref_recall": 0.48447199390442774,
  "best_validation_coref_f1": 0.554923971925125,
  "best_validation_mention_recall": 0.8859827721221614,
  "best_validation_loss": 94.35596512284883,
  "training_coref_precision": 0.728319008068013,
  "training_coref_recall": 0.5140126204919787,
  "training_coref_f1": 0.6011561309040355,
  "training_mention_recall": 0.9032129495107935,
  "training_loss": 16.765129223543983,
  "validation_coref_precision": 0.6522636788001853,
  "validation_coref_recall": 0.4810125034569532,
  "validation_coref_f1": 0.5524168188548206,
  "validation_mention_recall": 0.8874445314539284,
  "validation_loss": 98.22785859529041,
  "ensemble_validation_coref_precision": 0.6663177151687573,
  "ensemble_validation_coref_recall": 0.4778157816351966,
  "ensemble_validation_coref_f1": 0.5552093890646045,
  "ensemble_validation_mention_recall": 0.8907856956408249,
  "ensemble_validation_loss": 92.96921974961013
}