{
  "training_duration": "20:11:29",
  "training_start_epoch": 0,
  "training_epochs": 266,
  "epoch": 266,
  "best_epoch": 256,
  "best_validation_coref_precision": 0.671503270717083,
  "best_validation_coref_recall": 0.523027976188981,
  "best_validation_coref_f1": 0.5874800603060275,
  "best_validation_mention_recall": 0.898355520751762,
  "best_validation_loss": 63.96227341881118,
  "training_coref_precision": 0.7669034868612631,
  "training_coref_recall": 0.565156467144941,
  "training_coref_f1": 0.6497995220175352,
  "training_mention_recall": 0.9177734349888788,
  "training_loss": 26.616773853427965,
  "validation_coref_precision": 0.6730615431657719,
  "validation_coref_recall": 0.5200045138807231,
  "validation_coref_f1": 0.5860584795975405,
  "validation_mention_recall": 0.8996606630122683,
  "validation_loss": 65.88169755257601,
  "ensemble_validation_coref_precision": 0.6918570227799719,
  "ensemble_validation_coref_recall": 0.5223907852365354,
  "ensemble_validation_coref_f1": 0.5944420170060757,
  "ensemble_validation_mention_recall": 0.9062385800052206,
  "ensemble_validation_loss": 62.873387882282856
}