{
  "training_duration": "00:08:09",
  "training_start_epoch": 0,
  "training_epochs": 301,
  "epoch": 301,
  "best_epoch": 291,
  "best_validation_coref_precision": 0.6828973455675612,
  "best_validation_coref_recall": 0.5326759173868019,
  "best_validation_coref_f1": 0.5977897898650467,
  "best_validation_mention_recall": 0.9016444792482381,
  "best_validation_loss": 57.39313655685085,
  "training_coref_precision": 0.7921019533761097,
  "training_coref_recall": 0.603527905450168,
  "training_coref_f1": 0.6844609778451124,
  "training_mention_recall": 0.9212705228917831,
  "training_loss": 29.616809284815577,
  "validation_coref_precision": 0.6752832854802477,
  "validation_coref_recall": 0.5366081304285154,
  "validation_coref_f1": 0.5974833243664913,
  "validation_mention_recall": 0.901018010963195,
  "validation_loss": 59.198245756119036,
  "ensemble_validation_coref_precision": 0.7130227064416207,
  "ensemble_validation_coref_recall": 0.5343807983268318,
  "ensemble_validation_coref_f1": 0.6101460882767907,
  "ensemble_validation_mention_recall": 0.9072304881232054,
  "ensemble_validation_loss": 56.16294944454219
}