{
  "training_duration": "12:23:34",
  "training_start_epoch": 0,
  "training_epochs": 196,
  "epoch": 196,
  "best_epoch": 191,
  "best_validation_coref_precision": 0.6616317591400326,
  "best_validation_coref_recall": 0.5272312935898622,
  "best_validation_coref_f1": 0.5860896451302997,
  "best_validation_mention_recall": 0.8987209605847037,
  "best_validation_loss": 61.353137932644486,
  "training_coref_precision": 0.6252425084487654,
  "training_coref_recall": 0.2662090760509496,
  "training_coref_f1": 0.37155598548127505,
  "training_mention_recall": 0.7612466089818588,
  "training_loss": 67.83407435973437,
  "validation_coref_precision": 0.6459345083536571,
  "validation_coref_recall": 0.39297376640799664,
  "validation_coref_f1": 0.4869065791451081,
  "validation_mention_recall": 0.8593578700078308,
  "validation_loss": 65.79018922897366,
  "ensemble_validation_coref_precision": 0.6874836160544793,
  "ensemble_validation_coref_recall": 0.5234353894232241,
  "ensemble_validation_coref_f1": 0.5933999181043355,
  "ensemble_validation_mention_recall": 0.9013487475915222,
  "ensemble_validation_loss": 55.33388382596583
}