{
  "training_duration": "06:05:02",
  "training_start_epoch": 0,
  "training_epochs": 93,
  "epoch": 93,
  "training_coref_precision": 0.6499019008817162,
  "training_coref_recall": 0.4756148086861634,
  "training_coref_f1": 0.5478860846908332,
  "training_mention_recall": 0.8895010221267952,
  "training_loss": 21.718192761660966,
  "validation_coref_precision": 0.5855383651470409,
  "validation_coref_recall": 0.45978024341921003,
  "validation_coref_f1": 0.514519220299011,
  "validation_mention_recall": 0.8804489689376142,
  "validation_loss": 100.05020081000515,
  "best_epoch": 36,
  "best_validation_coref_precision": 0.5981134477571622,
  "best_validation_coref_recall": 0.4613492826500953,
  "best_validation_coref_f1": 0.520002745905788,
  "best_validation_mention_recall": 0.8762725137039937,
  "best_validation_loss": 88.83875081152723
}