{
  "training_duration": "08:04:58",
  "training_start_epoch": 0,
  "training_epochs": 115,
  "epoch": 115,
  "training_coref_precision": 0.6547974584769173,
  "training_coref_recall": 0.5846060298843566,
  "training_coref_f1": 0.6169768081104838,
  "training_mention_recall": 0.9132349348795947,
  "training_loss": 32.52040342329053,
  "validation_coref_precision": 0.5783506564334636,
  "validation_coref_recall": 0.5329967994177472,
  "validation_coref_f1": 0.5541898779783788,
  "validation_mention_recall": 0.8959540589924302,
  "validation_loss": 80.61873732983955,
  "best_epoch": 106,
  "best_validation_coref_precision": 0.5879835551517479,
  "best_validation_coref_recall": 0.5392701675221229,
  "best_validation_coref_f1": 0.5621841279574763,
  "best_validation_mention_recall": 0.8969459671104151,
  "best_validation_loss": 77.41330267754506
}