{
  "training_duration": "08:08:53",
  "training_start_epoch": 0,
  "training_epochs": 119,
  "epoch": 119,
  "training_coref_precision": 0.7300895122994763,
  "training_coref_recall": 0.5880276485161957,
  "training_coref_f1": 0.6510812667411483,
  "training_mention_recall": 0.9181077154501858,
  "training_loss": 34.704995628206674,
  "validation_coref_precision": 0.6324370198648147,
  "validation_coref_recall": 0.5320648081529386,
  "validation_coref_f1": 0.5777000883748694,
  "validation_mention_recall": 0.8978334638475594,
  "validation_loss": 65.7742968083077,
  "best_epoch": 110,
  "best_validation_coref_precision": 0.6318580233685555,
  "best_validation_coref_recall": 0.543897144808679,
  "best_validation_coref_f1": 0.5844365538134011,
  "best_validation_mention_recall": 0.8965805272774733,
  "best_validation_loss": 65.67674485689729
}