{
  "training_duration": "06:59:17",
  "training_start_epoch": 0,
  "training_epochs": 99,
  "epoch": 99,
  "training_coref_precision": 0.6828083346536841,
  "training_coref_recall": 0.5839091261205149,
  "training_coref_f1": 0.6290530082914007,
  "training_mention_recall": 0.9157420383393975,
  "training_loss": 33.85335247516756,
  "validation_coref_precision": 0.5930890048166241,
  "validation_coref_recall": 0.538699447643365,
  "validation_coref_f1": 0.564182029591923,
  "validation_mention_recall": 0.9020099190811799,
  "validation_loss": 74.83064207083846,
  "best_epoch": 90,
  "best_validation_coref_precision": 0.6079872646172318,
  "best_validation_coref_recall": 0.538966105623018,
  "best_validation_coref_f1": 0.5711188894857623,
  "best_validation_mention_recall": 0.8986165492038632,
  "best_validation_loss": 71.82731823237619
}