{
  "training_duration": "05:08:55",
  "training_start_epoch": 0,
  "training_epochs": 91,
  "epoch": 91,
  "training_coref_precision": 0.7114702257341069,
  "training_coref_recall": 0.5730353766859171,
  "training_coref_f1": 0.6345496323203595,
  "training_mention_recall": 0.9144949150799059,
  "training_loss": 35.443335265543205,
  "validation_coref_precision": 0.6363425859892544,
  "validation_coref_recall": 0.5184627948099416,
  "validation_coref_f1": 0.5713051801300866,
  "validation_mention_recall": 0.8943878882798225,
  "validation_loss": 66.52430233628891,
  "best_epoch": 82,
  "best_validation_coref_precision": 0.6248352899926767,
  "best_validation_coref_recall": 0.5297968876394582,
  "best_validation_coref_f1": 0.5732128266750032,
  "best_validation_mention_recall": 0.8974158183241974,
  "best_validation_loss": 65.83999779643409
}