{
  "training_duration": "08:30:50",
  "training_start_epoch": 0,
  "training_epochs": 123,
  "epoch": 123,
  "best_epoch": 113,
  "best_validation_coref_precision": 0.675616177132222,
  "best_validation_coref_recall": 0.544707141627912,
  "best_validation_coref_f1": 0.6027970231172247,
  "best_validation_mention_recall": 0.8992430174889063,
  "best_validation_loss": 62.0711776938399,
  "training_coref_precision": 0.8065581351083582,
  "training_coref_recall": 0.6214942232280756,
  "training_coref_f1": 0.7013746562904718,
  "training_mention_recall": 0.9222733642757043,
  "training_loss": 25.842725517348125,
  "validation_coref_precision": 0.6759996956455104,
  "validation_coref_recall": 0.5438018516948695,
  "validation_coref_f1": 0.6024121967594825,
  "validation_mention_recall": 0.8995562516314278,
  "validation_loss": 62.30884282515866
}