{
  "training_duration": "05:54:24",
  "training_start_epoch": 0,
  "training_epochs": 84,
  "epoch": 84,
  "best_epoch": 74,
  "best_validation_coref_precision": 0.633525769725539,
  "best_validation_coref_recall": 0.47624936561306547,
  "best_validation_coref_f1": 0.542552132709702,
  "best_validation_mention_recall": 0.8915165753067085,
  "best_validation_loss": 94.1568521636541,
  "training_coref_precision": 0.6867580974296015,
  "training_coref_recall": 0.5010066807172407,
  "training_coref_f1": 0.5777751920666098,
  "training_mention_recall": 0.9024672469432623,
  "training_loss": 20.842372560894894,
  "validation_coref_precision": 0.6210037855530572,
  "validation_coref_recall": 0.48135694686836467,
  "validation_coref_f1": 0.5412616823707368,
  "validation_mention_recall": 0.8902636387366223,
  "validation_loss": 93.51976565603417
}