{
  "training_duration": "06:46:41",
  "training_start_epoch": 0,
  "training_epochs": 102,
  "epoch": 102,
  "best_epoch": 92,
  "best_validation_coref_precision": 0.6720056415446934,
  "best_validation_coref_recall": 0.5239341527056219,
  "best_validation_coref_f1": 0.5881933259472977,
  "best_validation_mention_recall": 0.894492299660663,
  "best_validation_loss": 65.62171584436244,
  "training_coref_precision": 0.7843159598273496,
  "training_coref_recall": 0.5842491170872689,
  "training_coref_f1": 0.6686864061147034,
  "training_mention_recall": 0.9117628151557619,
  "training_loss": 25.16336471215276,
  "validation_coref_precision": 0.6695730752690715,
  "validation_coref_recall": 0.524755779829792,
  "validation_coref_f1": 0.5877237232191613,
  "validation_mention_recall": 0.8947533281127643,
  "validation_loss": 65.78645509770126
}