{
  "best_epoch": 28,
  "peak_cpu_memory_MB": 4606.912,
  "peak_gpu_0_memory_MB": 7594,
  "peak_gpu_1_memory_MB": 10152,
  "peak_gpu_2_memory_MB": 4899,
  "training_duration": "1:42:19.222497",
  "training_start_epoch": 0,
  "training_epochs": 37,
  "epoch": 37,
  "training_coref_precision": 0.8042842965035691,
  "training_coref_recall": 0.6087479008797851,
  "training_coref_f1": 0.692425825200503,
  "training_mention_recall": 0.9226207161087588,
  "training_loss": 25.53847985995367,
  "training_cpu_memory_MB": 4606.912,
  "training_gpu_0_memory_MB": 7594,
  "training_gpu_1_memory_MB": 10152,
  "training_gpu_2_memory_MB": 2433,
  "validation_coref_precision": 0.6384702090880717,
  "validation_coref_recall": 0.5002523504836951,
  "validation_coref_f1": 0.5601049592050241,
  "validation_mention_recall": 0.898981989036805,
  "validation_loss": 69.2187097732374,
  "best_validation_coref_precision": 0.6366230749994545,
  "best_validation_coref_recall": 0.5070599219186681,
  "best_validation_coref_f1": 0.5638148540441706,
  "best_validation_mention_recall": 0.8995040459410075,
  "best_validation_loss": 68.8589922100945
}