{
  "best_epoch": 28,
  "peak_cpu_memory_MB": 4679.364,
  "peak_gpu_0_memory_MB": 10359,
  "peak_gpu_1_memory_MB": 8572,
  "peak_gpu_2_memory_MB": 9156,
  "training_duration": "1:43:43.411609",
  "training_start_epoch": 0,
  "training_epochs": 37,
  "epoch": 37,
  "training_coref_precision": 0.8101917351300133,
  "training_coref_recall": 0.6228761407376453,
  "training_coref_f1": 0.703775008201751,
  "training_mention_recall": 0.9219704513038564,
  "training_loss": 24.036868818066075,
  "training_cpu_memory_MB": 4679.364,
  "training_gpu_0_memory_MB": 9832,
  "training_gpu_1_memory_MB": 5254,
  "training_gpu_2_memory_MB": 1821,
  "validation_coref_precision": 0.6314650582303072,
  "validation_coref_recall": 0.5197980028372782,
  "validation_coref_f1": 0.5695637043986702,
  "validation_mention_recall": 0.8967893500391543,
  "validation_loss": 69.35433003223201,
  "best_validation_coref_precision": 0.6404567893638465,
  "best_validation_coref_recall": 0.5163178700902823,
  "best_validation_coref_f1": 0.5711369590573369,
  "best_validation_mention_recall": 0.8970503784912556,
  "best_validation_loss": 65.63760776335778
}