{
  "best_epoch": 18,
  "peak_cpu_memory_MB": 4995.808,
  "peak_gpu_0_memory_MB": 8174,
  "peak_gpu_1_memory_MB": 8270,
  "peak_gpu_2_memory_MB": 7741,
  "training_duration": "1:35:09.835860",
  "training_start_epoch": 0,
  "training_epochs": 27,
  "epoch": 27,
  "training_coref_precision": 0.7955780754153791,
  "training_coref_recall": 0.5836125390671246,
  "training_coref_f1": 0.6725159560794504,
  "training_mention_recall": 0.916111660491106,
  "training_loss": 27.29124311924086,
  "training_cpu_memory_MB": 4995.808,
  "training_gpu_0_memory_MB": 8174,
  "training_gpu_1_memory_MB": 8270,
  "training_gpu_2_memory_MB": 1801,
  "validation_coref_precision": 0.6511127447481057,
  "validation_coref_recall": 0.513513354317563,
  "validation_coref_f1": 0.5732095291265118,
  "validation_mention_recall": 0.9008613938919342,
  "validation_loss": 64.30093580895917,
  "best_validation_coref_precision": 0.6465335096545637,
  "best_validation_coref_recall": 0.5185931923389356,
  "best_validation_coref_f1": 0.5747590502143841,
  "best_validation_mention_recall": 0.9003915426781519,
  "best_validation_loss": 63.64815044305464
}