{
  "best_epoch": 36,
  "peak_cpu_memory_MB": 5121.628,
  "peak_gpu_0_memory_MB": 9412,
  "peak_gpu_1_memory_MB": 8779,
  "peak_gpu_2_memory_MB": 9583,
  "training_duration": "2:43:33.354373",
  "training_start_epoch": 0,
  "training_epochs": 45,
  "epoch": 45,
  "training_coref_precision": 0.816820056514188,
  "training_coref_recall": 0.6188662255193763,
  "training_coref_f1": 0.703664511083128,
  "training_mention_recall": 0.919638503668258,
  "training_loss": 24.179048194679094,
  "training_cpu_memory_MB": 5121.628,
  "training_gpu_0_memory_MB": 2422,
  "training_gpu_1_memory_MB": 8779,
  "training_gpu_2_memory_MB": 4252,
  "validation_coref_precision": 0.6503094322819231,
  "validation_coref_recall": 0.517832637820122,
  "validation_coref_f1": 0.5760082893022852,
  "validation_mention_recall": 0.8982511093709215,
  "validation_loss": 65.86976583694575,
  "best_validation_coref_precision": 0.6525963213329444,
  "best_validation_coref_recall": 0.5237395287200989,
  "best_validation_coref_f1": 0.5805330692526812,
  "best_validation_mention_recall": 0.8980944922996607,
  "best_validation_loss": 64.79221229089502
}