{
  "best_epoch": 25,
  "peak_cpu_memory_MB": 3862.84,
  "peak_gpu_0_memory_MB": 9291,
  "peak_gpu_1_memory_MB": 6554,
  "peak_gpu_2_memory_MB": 8771,
  "training_duration": "0:52:29.465013",
  "training_start_epoch": 0,
  "training_epochs": 34,
  "epoch": 34,
  "training_coref_precision": 0.8200555126567414,
  "training_coref_recall": 0.650106372149894,
  "training_coref_f1": 0.7248869531279403,
  "training_mention_recall": 0.9325715387767893,
  "training_loss": 21.674031509307095,
  "training_cpu_memory_MB": 3862.84,
  "training_gpu_0_memory_MB": 9291,
  "training_gpu_1_memory_MB": 5254,
  "training_gpu_2_memory_MB": 4210,
  "validation_coref_precision": 0.6198288488307663,
  "validation_coref_recall": 0.4681379249536712,
  "validation_coref_f1": 0.5321992433091906,
  "validation_mention_recall": 0.8820151396502218,
  "validation_loss": 82.87739954653682,
  "best_validation_coref_precision": 0.615884579073548,
  "best_validation_coref_recall": 0.4721507598241938,
  "best_validation_coref_f1": 0.5336143341459696,
  "best_validation_mention_recall": 0.8842599843382929,
  "best_validation_loss": 78.59162008092243
}