{
  "best_epoch": 40,
  "peak_cpu_memory_MB": 5128.148,
  "peak_gpu_0_memory_MB": 10533,
  "peak_gpu_1_memory_MB": 11461,
  "peak_gpu_2_memory_MB": 10066,
  "training_duration": "3:00:03.574960",
  "training_start_epoch": 0,
  "training_epochs": 49,
  "epoch": 49,
  "training_coref_precision": 0.7991712456496916,
  "training_coref_recall": 0.6060128387609783,
  "training_coref_f1": 0.6886228991536081,
  "training_mention_recall": 0.9232102219345679,
  "training_loss": 26.87427463520376,
  "training_cpu_memory_MB": 5128.132,
  "training_gpu_0_memory_MB": 2732,
  "training_gpu_1_memory_MB": 11461,
  "training_gpu_2_memory_MB": 4700,
  "validation_coref_precision": 0.6596450697960989,
  "validation_coref_recall": 0.5400219673581217,
  "validation_coref_f1": 0.5932900662994407,
  "validation_mention_recall": 0.9074915165753067,
  "validation_loss": 61.84961711316785,
  "best_validation_coref_precision": 0.6609308059999441,
  "best_validation_coref_recall": 0.5412232228035526,
  "best_validation_coref_f1": 0.5945418926817055,
  "best_validation_mention_recall": 0.9069172539806839,
  "best_validation_loss": 61.3513245678686
}