{
  "best_epoch": 20,
  "peak_cpu_memory_MB": 4031.496,
  "peak_gpu_0_memory_MB": 8149,
  "peak_gpu_1_memory_MB": 10938,
  "peak_gpu_2_memory_MB": 4934,
  "training_duration": "0:53:33.352500",
  "training_start_epoch": 0,
  "training_epochs": 29,
  "epoch": 29,
  "training_coref_precision": 0.8074618704783226,
  "training_coref_recall": 0.6272669053025672,
  "training_coref_f1": 0.7055858521319142,
  "training_mention_recall": 0.9305670701376223,
  "training_loss": 23.81657010123606,
  "training_cpu_memory_MB": 4031.496,
  "training_gpu_0_memory_MB": 6849,
  "training_gpu_1_memory_MB": 10938,
  "training_gpu_2_memory_MB": 4934,
  "validation_coref_precision": 0.6246277424387088,
  "validation_coref_recall": 0.4882738040501638,
  "validation_coref_f1": 0.5473159996042363,
  "validation_mention_recall": 0.8923518663534326,
  "validation_loss": 74.3433802383911,
  "best_validation_coref_precision": 0.6328437722078767,
  "best_validation_coref_recall": 0.4836896551592498,
  "best_validation_coref_f1": 0.5475343357532853,
  "best_validation_mention_recall": 0.8929261289480553,
  "best_validation_loss": 72.61472504822748
}