{
  "best_epoch": 22,
  "peak_cpu_memory_MB": 4195.588,
  "peak_gpu_0_memory_MB": 7685,
  "peak_gpu_1_memory_MB": 9396,
  "peak_gpu_2_memory_MB": 7619,
  "training_duration": "1:04:11.921914",
  "training_start_epoch": 0,
  "training_epochs": 31,
  "epoch": 31,
  "training_coref_precision": 0.8184712514917197,
  "training_coref_recall": 0.6372246478956353,
  "training_coref_f1": 0.7161254909069609,
  "training_mention_recall": 0.9298239164798,
  "training_loss": 22.162042518831523,
  "training_cpu_memory_MB": 4195.588,
  "training_gpu_0_memory_MB": 7685,
  "training_gpu_1_memory_MB": 9396,
  "training_gpu_2_memory_MB": 4083,
  "validation_coref_precision": 0.6322778443392753,
  "validation_coref_recall": 0.49205780925124715,
  "validation_coref_f1": 0.5526884971480883,
  "validation_mention_recall": 0.8924040720438527,
  "validation_loss": 73.98873251412334,
  "best_validation_coref_precision": 0.6293731641447923,
  "best_validation_coref_recall": 0.49509193594828177,
  "best_validation_coref_f1": 0.5536318472946343,
  "best_validation_mention_recall": 0.8960062646828504,
  "best_validation_loss": 74.21815901569909
}