{
  "best_epoch": 23,
  "peak_cpu_memory_MB": 4372.876,
  "peak_gpu_0_memory_MB": 8149,
  "peak_gpu_1_memory_MB": 10938,
  "peak_gpu_2_memory_MB": 10066,
  "training_duration": "1:14:50.517213",
  "training_start_epoch": 0,
  "training_epochs": 32,
  "epoch": 32,
  "training_coref_precision": 0.8116701396755547,
  "training_coref_recall": 0.6297794368937399,
  "training_coref_f1": 0.708734061090905,
  "training_mention_recall": 0.926433001774464,
  "training_loss": 23.383859197730228,
  "training_cpu_memory_MB": 4372.876,
  "training_gpu_0_memory_MB": 6849,
  "training_gpu_1_memory_MB": 10938,
  "training_gpu_2_memory_MB": 10066,
  "validation_coref_precision": 0.6422559300107054,
  "validation_coref_recall": 0.500521072070079,
  "validation_coref_f1": 0.5618672002379157,
  "validation_mention_recall": 0.8982511093709215,
  "validation_loss": 71.28708016968248,
  "best_validation_coref_precision": 0.6367497280567953,
  "best_validation_coref_recall": 0.5093964989690399,
  "best_validation_coref_f1": 0.5654321612111629,
  "best_validation_mention_recall": 0.8998694857739493,
  "best_validation_loss": 69.40416576688429
}