{
  "training_duration": "05:50:17",
  "training_start_epoch": 0,
  "training_epochs": 99,
  "epoch": 99,
  "best_epoch": 89,
  "best_validation_coref_precision": 0.6577810525247966,
  "best_validation_coref_recall": 0.5082395772280356,
  "best_validation_coref_f1": 0.5726614246094536,
  "best_validation_mention_recall": 0.8926128948055339,
  "best_validation_loss": 75.36433742318877,
  "training_coref_precision": 0.742892196035347,
  "training_coref_recall": 0.5496716024907852,
  "training_coref_f1": 0.6306303192724293,
  "training_mention_recall": 0.909050000642847,
  "training_loss": 22.38525214745536,
  "validation_coref_precision": 0.6558517850105529,
  "validation_coref_recall": 0.5072302466309764,
  "validation_coref_f1": 0.5713057947061883,
  "validation_mention_recall": 0.8924040720438527,
  "validation_loss": 75.59308838919375,
  "test_coref_precision": 0.6500056140075916,
  "test_coref_recall": 0.5036346633770173,
  "test_coref_f1": 0.5667088206901693,
  "test_mention_recall": 0.900020238818053
}