{
  "training_duration": "04:26:34",
  "training_start_epoch": 0,
  "training_epochs": 69,
  "epoch": 69,
  "best_epoch": 59,
  "best_validation_coref_precision": 0.6325865414344135,
  "best_validation_coref_recall": 0.45791410257347415,
  "best_validation_coref_f1": 0.529879308792685,
  "best_validation_mention_recall": 0.887548942834769,
  "best_validation_loss": 84.05656738219777,
  "training_coref_precision": 0.7052346972273181,
  "training_coref_recall": 0.46290764757731034,
  "training_coref_f1": 0.5567245742342589,
  "training_mention_recall": 0.8937888118900988,
  "training_loss": 20.21881769172851,
  "validation_coref_precision": 0.6425835981693108,
  "validation_coref_recall": 0.4455676667722071,
  "validation_coref_f1": 0.5244662467087324,
  "validation_mention_recall": 0.8865048290263638,
  "validation_loss": 100.24967177577979
}