{
  "training_duration": "08:43:27",
  "training_start_epoch": 0,
  "training_epochs": 87,
  "epoch": 87,
  "best_epoch": 77,
  "best_validation_coref_precision": 0.6764472332123118,
  "best_validation_coref_recall": 0.5115433569321093,
  "best_validation_coref_f1": 0.5815303365666357,
  "best_validation_mention_recall": 0.901226833724876,
  "best_validation_loss": 71.43414025678186,
  "training_coref_precision": 0.8020891313146864,
  "training_coref_recall": 0.5636282354460299,
  "training_coref_f1": 0.6606947927323277,
  "training_mention_recall": 0.9152791884698954,
  "training_loss": 22.189503327054172,
  "validation_coref_precision": 0.6793069333681343,
  "validation_coref_recall": 0.5078731994793925,
  "validation_coref_f1": 0.5800385153799801,
  "validation_mention_recall": 0.901226833724876,
  "validation_loss": 74.12810698694804
}