{
  "training_duration": "08:43:13",
  "training_start_epoch": 0,
  "training_epochs": 96,
  "epoch": 96,
  "best_epoch": 86,
  "best_validation_coref_precision": 0.6805314538568638,
  "best_validation_coref_recall": 0.5170202578915505,
  "best_validation_coref_f1": 0.5866745195668841,
  "best_validation_mention_recall": 0.8989297833463847,
  "best_validation_loss": 64.59287718976182,
  "training_coref_precision": 0.8022498335168615,
  "training_coref_recall": 0.5707529720396678,
  "training_coref_f1": 0.6657231401528027,
  "training_mention_recall": 0.9161148896231631,
  "training_loss": 23.652137175603176,
  "validation_coref_precision": 0.6852943243825228,
  "validation_coref_recall": 0.509434858355496,
  "validation_coref_f1": 0.5832829195826685,
  "validation_mention_recall": 0.8987731662751239,
  "validation_loss": 67.40900493513588
}