{
  "training_duration": "07:59:33",
  "training_start_epoch": 0,
  "training_epochs": 78,
  "epoch": 78,
  "best_epoch": 68,
  "best_validation_coref_precision": 0.6569830707216547,
  "best_validation_coref_recall": 0.48113472797050444,
  "best_validation_coref_f1": 0.5538993676274204,
  "best_validation_mention_recall": 0.8938136256851997,
  "best_validation_loss": 79.29906888834456,
  "training_coref_precision": 0.7584096910887995,
  "training_coref_recall": 0.49832779932203347,
  "training_coref_f1": 0.5988997464494668,
  "training_mention_recall": 0.9046207845305289,
  "training_loss": 21.24690258497855,
  "validation_coref_precision": 0.6698592818577174,
  "validation_coref_recall": 0.4671539175404195,
  "validation_coref_f1": 0.5483218269462802,
  "validation_mention_recall": 0.8940224484468807,
  "validation_loss": 92.27928233598787
}