{
  "training_duration": "09:30:57",
  "training_start_epoch": 0,
  "training_epochs": 102,
  "epoch": 102,
  "best_epoch": 92,
  "best_validation_coref_precision": 0.6812849311412932,
  "best_validation_coref_recall": 0.5232637736415775,
  "best_validation_coref_f1": 0.591270359506166,
  "best_validation_mention_recall": 0.8975724353954581,
  "best_validation_loss": 65.8901614001292,
  "training_coref_precision": 0.8045910059780574,
  "training_coref_recall": 0.5834642372645199,
  "training_coref_f1": 0.6756139753172294,
  "training_mention_recall": 0.9148099101299837,
  "training_loss": 24.038498533664715,
  "validation_coref_precision": 0.680236147881414,
  "validation_coref_recall": 0.5204831208643094,
  "validation_coref_f1": 0.5890898071416703,
  "validation_mention_recall": 0.8972592012529366,
  "validation_loss": 66.47059714720974
}