{
  "training_duration": "04:33:27",
  "training_start_epoch": 0,
  "training_epochs": 65,
  "epoch": 65,
  "best_epoch": 55,
  "best_validation_coref_precision": 0.6073036020182783,
  "best_validation_coref_recall": 0.45913937387162235,
  "best_validation_coref_f1": 0.5221710302155046,
  "best_validation_mention_recall": 0.8802401461759332,
  "best_validation_loss": 91.41062374149534,
  "training_coref_precision": 0.6595257283520225,
  "training_coref_recall": 0.4549981640615511,
  "training_coref_f1": 0.5370147660324078,
  "training_mention_recall": 0.8891603131950784,
  "training_loss": 18.968273556106595,
  "validation_coref_precision": 0.6150222160677,
  "validation_coref_recall": 0.45123932215461143,
  "validation_coref_f1": 0.5196585488046277,
  "validation_mention_recall": 0.8813886713651788,
  "validation_loss": 109.69216203939499
}