{
  "training_duration": "06:32:19",
  "training_start_epoch": 0,
  "training_epochs": 82,
  "epoch": 82,
  "best_epoch": 72,
  "best_validation_coref_precision": 0.6830491523810286,
  "best_validation_coref_recall": 0.4942928231652844,
  "best_validation_coref_f1": 0.5721325348226617,
  "best_validation_mention_recall": 0.8885930566431741,
  "best_validation_loss": 67.24535445148179,
  "training_coref_precision": 0.7940421907437062,
  "training_coref_recall": 0.5395854247534654,
  "training_coref_f1": 0.6409019705735073,
  "training_mention_recall": 0.9059579063757569,
  "training_loss": 23.511904208317798,
  "validation_coref_precision": 0.6791003527091156,
  "validation_coref_recall": 0.4942885764905531,
  "validation_coref_f1": 0.5710052354072634,
  "validation_mention_recall": 0.88979378752284,
  "validation_loss": 71.15778738046441
}