{
  "training_duration": "05:43:12",
  "training_start_epoch": 0,
  "training_epochs": 85,
  "epoch": 85,
  "best_epoch": 75,
  "best_validation_coref_precision": 0.670902858188689,
  "best_validation_coref_recall": 0.462132158430689,
  "best_validation_coref_f1": 0.5455642198712987,
  "best_validation_mention_recall": 0.8927695118767945,
  "best_validation_loss": 94.10429146146838,
  "training_coref_precision": 0.7613365200554774,
  "training_coref_recall": 0.48713527930279965,
  "training_coref_f1": 0.5917705150253498,
  "training_mention_recall": 0.9033222335077592,
  "training_loss": 20.40676089620798,
  "validation_coref_precision": 0.6711865148378057,
  "validation_coref_recall": 0.4584670134304618,
  "validation_coref_f1": 0.5429258988082508,
  "validation_mention_recall": 0.8927695118767945,
  "validation_loss": 95.3255726071005
}