{
  "training_duration": "07:29:25",
  "training_start_epoch": 0,
  "training_epochs": 91,
  "epoch": 91,
  "best_epoch": 81,
  "best_validation_coref_precision": 0.6788666855257189,
  "best_validation_coref_recall": 0.5008910046457641,
  "best_validation_coref_f1": 0.5752863612886404,
  "best_validation_mention_recall": 0.8992430174889063,
  "best_validation_loss": 73.54108897791008,
  "training_coref_precision": 0.7892617193320932,
  "training_coref_recall": 0.542747645078118,
  "training_coref_f1": 0.6415637339489783,
  "training_mention_recall": 0.9098085601511976,
  "training_loss": 22.990981782362056,
  "validation_coref_precision": 0.6810114941496331,
  "validation_coref_recall": 0.4978866801596991,
  "validation_coref_f1": 0.5738712110958657,
  "validation_mention_recall": 0.8972069955625163,
  "validation_loss": 74.32513252589797
}