{
  "training_duration": "00:48:30",
  "training_start_epoch": 0,
  "training_epochs": 260,
  "epoch": 260,
  "best_epoch": 250,
  "best_validation_coref_precision": 0.6618529654947801,
  "best_validation_coref_recall": 0.49100660631019477,
  "best_validation_coref_f1": 0.5628369657235045,
  "best_validation_mention_recall": 0.8964761158966328,
  "best_validation_loss": 88.40590135148712,
  "training_coref_precision": 0.7378952001464807,
  "training_coref_recall": 0.5275890187242323,
  "training_coref_f1": 0.6139608968183793,
  "training_mention_recall": 0.910856400827987,
  "training_loss": 18.926071713087186,
  "validation_coref_precision": 0.6603057708044083,
  "validation_coref_recall": 0.48869339236426973,
  "validation_coref_f1": 0.5607082553416173,
  "validation_mention_recall": 0.8966849386583138,
  "validation_loss": 90.10022743899272,
  "ensemble_validation_coref_precision": 0.67525441829241,
  "ensemble_validation_coref_recall": 0.48905177894103974,
  "ensemble_validation_coref_f1": 0.5662478377938881,
  "ensemble_validation_mention_recall": 0.9012790394152963,
  "ensemble_validation_loss": 89.38985115163837
}