{
  "training_duration": "03:38:56",
  "training_start_epoch": 0,
  "training_epochs": 40,
  "epoch": 40,
  "training_coref_precision": 0.8183217730524518,
  "training_coref_recall": 0.6602976150403307,
  "training_coref_f1": 0.7304321194619204,
  "training_mention_recall": 0.9387642768680335,
  "training_loss": 27.735848386412826,
  "validation_coref_precision": 0.6739741210624945,
  "validation_coref_recall": 0.5580212253621014,
  "validation_coref_f1": 0.6101778734516797,
  "validation_mention_recall": 0.9076481336465675,
  "validation_loss": 60.21557005168327,
  "best_epoch": 31,
  "best_validation_coref_precision": 0.6714870728503248,
  "best_validation_coref_recall": 0.560320078276612,
  "best_validation_coref_f1": 0.6105955265914443,
  "best_validation_mention_recall": 0.9070216653615244,
  "best_validation_loss": 59.368371836203025
}