{
  "training_duration": "05:12:14",
  "training_start_epoch": 0,
  "training_epochs": 89,
  "epoch": 89,
  "best_epoch": 79,
  "best_validation_coref_precision": 0.6564391091123264,
  "best_validation_coref_recall": 0.5183716345062239,
  "best_validation_coref_f1": 0.5786058236463837,
  "best_validation_mention_recall": 0.8992430174889063,
  "best_validation_loss": 64.53450104392489,
  "training_coref_precision": 0.7369131865459425,
  "training_coref_recall": 0.5541710695289216,
  "training_coref_f1": 0.6316030646637406,
  "training_mention_recall": 0.917252728885689,
  "training_loss": 29.155977173973934,
  "validation_coref_precision": 0.6485320496988826,
  "validation_coref_recall": 0.5188279702595179,
  "validation_coref_f1": 0.5760010602233911,
  "validation_mention_recall": 0.9011746280344558,
  "validation_loss": 67.17769114563443
}