{
  "best_epoch": 24,
  "peak_cpu_memory_MB": 4874.0,
  "peak_gpu_0_memory_MB": 7594,
  "peak_gpu_1_memory_MB": 10152,
  "peak_gpu_2_memory_MB": 4899,
  "training_duration": "1:49:50.871319",
  "training_start_epoch": 0,
  "training_epochs": 33,
  "epoch": 33,
  "training_coref_precision": 0.8073551966192025,
  "training_coref_recall": 0.6109732164313945,
  "training_coref_f1": 0.6949868721774312,
  "training_mention_recall": 0.9183499573956193,
  "training_loss": 25.385854609410273,
  "training_cpu_memory_MB": 4864.216,
  "training_gpu_0_memory_MB": 7594,
  "training_gpu_1_memory_MB": 519,
  "training_gpu_2_memory_MB": 2773,
  "validation_coref_precision": 0.6332210441477362,
  "validation_coref_recall": 0.5176675868924581,
  "validation_coref_f1": 0.5691163321492846,
  "validation_mention_recall": 0.8992952231793265,
  "validation_loss": 69.26662675440879,
  "best_validation_coref_precision": 0.6432828241109108,
  "best_validation_coref_recall": 0.5154829529008018,
  "best_validation_coref_f1": 0.5717198810399908,
  "best_validation_mention_recall": 0.8998694857739493,
  "best_validation_loss": 67.22530537344069
}