{
  "best_epoch": 23,
  "peak_cpu_memory_MB": 5213.164,
  "peak_gpu_0_memory_MB": 7853,
  "peak_gpu_1_memory_MB": 8235,
  "peak_gpu_2_memory_MB": 9567,
  "training_duration": "2:04:13.031286",
  "training_start_epoch": 0,
  "training_epochs": 32,
  "epoch": 32,
  "training_coref_precision": 0.8055579110056872,
  "training_coref_recall": 0.6277061982011373,
  "training_coref_f1": 0.7050501601204212,
  "training_mention_recall": 0.9301638790969774,
  "training_loss": 26.9673537314623,
  "training_cpu_memory_MB": 5213.164,
  "training_gpu_0_memory_MB": 7853,
  "training_gpu_1_memory_MB": 8235,
  "training_gpu_2_memory_MB": 9567,
  "validation_coref_precision": 0.6641901494221342,
  "validation_coref_recall": 0.5566394400196524,
  "validation_coref_f1": 0.605172261302949,
  "validation_mention_recall": 0.9093187157400157,
  "validation_loss": 62.086370881565415,
  "best_validation_coref_precision": 0.6578204537821138,
  "best_validation_coref_recall": 0.5607772038936619,
  "best_validation_coref_f1": 0.6051903188196203,
  "best_validation_mention_recall": 0.9090576872879144,
  "best_validation_loss": 61.195838396603094
}