{
  "best_epoch": 32,
  "peak_cpu_memory_MB": 5359.524,
  "peak_gpu_0_memory_MB": 7853,
  "peak_gpu_1_memory_MB": 8235,
  "peak_gpu_2_memory_MB": 9567,
  "training_duration": "2:50:29.408639",
  "training_start_epoch": 0,
  "training_epochs": 41,
  "epoch": 41,
  "training_coref_precision": 0.8144640887727214,
  "training_coref_recall": 0.6485836926274003,
  "training_coref_f1": 0.7215661685103155,
  "training_mention_recall": 0.9343033979587654,
  "training_loss": 27.253762370975615,
  "training_cpu_memory_MB": 5359.524,
  "training_gpu_0_memory_MB": 7853,
  "training_gpu_1_memory_MB": 10,
  "training_gpu_2_memory_MB": 9567,
  "validation_coref_precision": 0.6673292124280028,
  "validation_coref_recall": 0.5572822446787462,
  "validation_coref_f1": 0.606793495295332,
  "validation_mention_recall": 0.9071260767423649,
  "validation_loss": 60.602353296880736,
  "best_validation_coref_precision": 0.6696790222198445,
  "best_validation_coref_recall": 0.5570660930601399,
  "best_validation_coref_f1": 0.6077563525785831,
  "best_validation_mention_recall": 0.9069694596711042,
  "best_validation_loss": 59.797290301855256
}