{
  "best_epoch": 37,
  "peak_cpu_memory_MB": 5497.744,
  "peak_gpu_0_memory_MB": 7853,
  "peak_gpu_1_memory_MB": 9659,
  "peak_gpu_2_memory_MB": 9567,
  "training_duration": "3:24:07.194892",
  "training_start_epoch": 0,
  "training_epochs": 46,
  "epoch": 46,
  "training_coref_precision": 0.8255355346688442,
  "training_coref_recall": 0.6733872899768572,
  "training_coref_f1": 0.7413610960221805,
  "training_mention_recall": 0.9412643032435469,
  "training_loss": 26.56844661658382,
  "training_cpu_memory_MB": 5497.744,
  "training_gpu_0_memory_MB": 7853,
  "training_gpu_1_memory_MB": 10,
  "training_gpu_2_memory_MB": 10,
  "validation_coref_precision": 0.6686783615487045,
  "validation_coref_recall": 0.5622906150398892,
  "validation_coref_f1": 0.6104680335522236,
  "validation_mention_recall": 0.91224223440355,
  "validation_loss": 61.6472027998904,
  "best_validation_coref_precision": 0.6699677159970863,
  "best_validation_coref_recall": 0.5668745678526488,
  "best_validation_coref_f1": 0.6136947181256304,
  "best_validation_mention_recall": 0.9127642913077525,
  "best_validation_loss": 60.82971344002673
}