{
  "best_epoch": 38,
  "peak_cpu_memory_MB": 5613.028,
  "peak_gpu_0_memory_MB": 164,
  "peak_gpu_1_memory_MB": 11,
  "peak_gpu_2_memory_MB": 9930,
  "training_duration": "4:16:51.465978",
  "training_start_epoch": 0,
  "training_epochs": 47,
  "epoch": 47,
  "training_coref_precision": 0.8198441674331268,
  "training_coref_recall": 0.6680913798308316,
  "training_coref_f1": 0.7359398147144501,
  "training_mention_recall": 0.9412262449715634,
  "training_loss": 28.357734312181922,
  "training_cpu_memory_MB": 5613.028,
  "training_gpu_0_memory_MB": 164,
  "training_gpu_1_memory_MB": 11,
  "training_gpu_2_memory_MB": 9902,
  "validation_coref_precision": 0.675882491562496,
  "validation_coref_recall": 0.5635077856817786,
  "validation_coref_f1": 0.6142935646165627,
  "validation_mention_recall": 0.9090054815974942,
  "validation_loss": 59.129503399673844,
  "best_validation_coref_precision": 0.6793962049333753,
  "best_validation_coref_recall": 0.5651276647548023,
  "best_validation_coref_f1": 0.6167903049985496,
  "best_validation_mention_recall": 0.9089010702166536,
  "best_validation_loss": 58.696489920510786
}