{
  "training_duration": "04:17:21",
  "training_start_epoch": 0,
  "training_epochs": 72,
  "epoch": 72,
  "training_coref_precision": 0.813897866077195,
  "training_coref_recall": 0.13297806326518988,
  "training_coref_f1": 0.2284233835060525,
  "training_mention_recall": 0.7593630671518019,
  "training_loss": 6.384371380132369,
  "validation_coref_precision": 0.6007596619974049,
  "validation_coref_recall": 0.10825512522572978,
  "validation_coref_f1": 0.18313327525106196,
  "validation_mention_recall": 0.7965022187418429,
  "validation_loss": 772.5151295666556,
  "best_epoch": 9,
  "best_validation_coref_precision": 0.6178893416429106,
  "best_validation_coref_recall": 0.41500416254513395,
  "best_validation_coref_f1": 0.494188716988403,
  "best_validation_mention_recall": 0.8694335682589402,
  "best_validation_loss": 68.93476976499873
}