{
  "training_duration": "05:25:45",
  "training_start_epoch": 0,
  "training_epochs": 80,
  "epoch": 80,
  "training_coref_precision": 0.7797458240278111,
  "training_coref_recall": 0.13455079343508683,
  "training_coref_f1": 0.2286661632654727,
  "training_mention_recall": 0.8776340657503954,
  "training_loss": 16.438089682207405,
  "validation_coref_precision": 0.6294240310128297,
  "validation_coref_recall": 0.11467649208870301,
  "validation_coref_f1": 0.19306036393117013,
  "validation_mention_recall": 0.8767945706081963,
  "validation_loss": 161.4027274121441,
  "best_epoch": 10,
  "best_validation_coref_precision": 0.5840691369208026,
  "best_validation_coref_recall": 0.4578606701136086,
  "best_validation_coref_f1": 0.5122926354570566,
  "best_validation_mention_recall": 0.8762203080135735,
  "best_validation_loss": 72.63677788186959
}