{
  "training_duration": "08:47:38",
  "training_start_epoch": 0,
  "training_epochs": 138,
  "epoch": 138,
  "training_coref_precision": 0.7993815753812686,
  "training_coref_recall": 0.6513167447543138,
  "training_coref_f1": 0.7173803129487603,
  "training_mention_recall": 0.9367759935201019,
  "training_loss": 31.909744191720304,
  "validation_coref_precision": 0.6585201351325328,
  "validation_coref_recall": 0.5616154089317525,
  "validation_coref_f1": 0.6059314791683202,
  "validation_mention_recall": 0.9098929783346384,
  "validation_loss": 60.869777399718046,
  "best_epoch": 129,
  "best_validation_coref_precision": 0.6602558439155796,
  "best_validation_coref_recall": 0.5620352930789662,
  "best_validation_coref_f1": 0.6068597469588638,
  "best_validation_mention_recall": 0.9089010702166536,
  "best_validation_loss": 60.84009614531168
}