{
  "training_duration": "04:22:49",
  "training_start_epoch": 0,
  "training_epochs": 79,
  "epoch": 79,
  "training_coref_precision": 0.7831330791946703,
  "training_coref_recall": 0.13831658801446686,
  "training_coref_f1": 0.23411226346980674,
  "training_mention_recall": 0.8858110801115983,
  "training_loss": 21.69964305656416,
  "validation_coref_precision": 0.620456140093908,
  "validation_coref_recall": 0.12659362521144282,
  "validation_coref_f1": 0.20922525835166184,
  "validation_mention_recall": 0.8851474810754372,
  "validation_loss": 135.81014138297246,
  "best_epoch": 10,
  "best_validation_coref_precision": 0.6220247132997794,
  "best_validation_coref_recall": 0.4054417970934871,
  "best_validation_coref_f1": 0.48884858235691525,
  "best_validation_mention_recall": 0.8725659096841556,
  "best_validation_loss": 70.63790241969917
}