{
  "training_duration": "04:14:46",
  "training_start_epoch": 0,
  "training_epochs": 69,
  "epoch": 69,
  "training_coref_precision": 0.7668985672238327,
  "training_coref_recall": 0.1351302830987336,
  "training_coref_f1": 0.22844669280534347,
  "training_mention_recall": 0.8868717777292071,
  "training_loss": 27.636631845644846,
  "validation_coref_precision": 0.6374804316694416,
  "validation_coref_recall": 0.11610714132059535,
  "validation_coref_f1": 0.1955825720281156,
  "validation_mention_recall": 0.8840511615766119,
  "validation_loss": 114.71511255410492,
  "best_epoch": 4,
  "best_validation_coref_precision": 0.614168744723877,
  "best_validation_coref_recall": 0.39574855597236497,
  "best_validation_coref_f1": 0.4796590155572555,
  "best_validation_mention_recall": 0.8605586008874967,
  "best_validation_loss": 69.70592331321525
}
