{
  "training_duration": "03:52:43",
  "training_start_epoch": 0,
  "training_epochs": 69,
  "epoch": 69,
  "training_coref_precision": 0.7747977951170357,
  "training_coref_recall": 0.16285099430472955,
  "training_coref_f1": 0.2666508433901195,
  "training_mention_recall": 0.9079507322027797,
  "training_loss": 42.07511191995434,
  "validation_coref_precision": 0.643795960884196,
  "validation_coref_recall": 0.17078124142662565,
  "validation_coref_f1": 0.2673398319294296,
  "validation_mention_recall": 0.894701122422344,
  "validation_loss": 83.79492342422316,
  "best_epoch": 10,
  "best_validation_coref_precision": 0.6200508886617236,
  "best_validation_coref_recall": 0.41117067468556456,
  "best_validation_coref_f1": 0.49259432816671805,
  "best_validation_mention_recall": 0.874706342991386,
  "best_validation_loss": 69.5972280371554
}