{
  "training_duration": "05:18:28",
  "training_start_epoch": 0,
  "training_epochs": 84,
  "epoch": 84,
  "training_coref_precision": 0.788467856113589,
  "training_coref_recall": 0.19000470269441808,
  "training_coref_f1": 0.3030328334090006,
  "training_mention_recall": 0.9144370588462182,
  "training_loss": 46.81297594561344,
  "validation_coref_precision": 0.657679710193208,
  "validation_coref_recall": 0.18583305202477393,
  "validation_coref_f1": 0.28704860726193854,
  "validation_mention_recall": 0.9002349256068911,
  "validation_loss": 77.15117015465995,
  "best_epoch": 11,
  "best_validation_coref_precision": 0.6038603345753221,
  "best_validation_coref_recall": 0.41972993405183007,
  "best_validation_coref_f1": 0.49250940097861107,
  "best_validation_mention_recall": 0.8822761681023231,
  "best_validation_loss": 72.07067574601913
}