{
  "training_duration": "07:00:28",
  "training_start_epoch": 0,
  "training_epochs": 113,
  "epoch": 113,
  "training_coref_precision": 0.7772101302487119,
  "training_coref_recall": 0.32800261709636297,
  "training_coref_f1": 0.45157818578499875,
  "training_mention_recall": 0.9222605073348847,
  "training_loss": 48.40704829810784,
  "validation_coref_precision": 0.6782604509441535,
  "validation_coref_recall": 0.31357918816982383,
  "validation_coref_f1": 0.42202189829482945,
  "validation_mention_recall": 0.9009135995823545,
  "validation_loss": 65.5929528345322,
  "best_epoch": 24,
  "best_validation_coref_precision": 0.620555106609241,
  "best_validation_coref_recall": 0.43251793898484364,
  "best_validation_coref_f1": 0.5077166507318026,
  "best_validation_mention_recall": 0.885095275385017,
  "best_validation_loss": 70.61011952122689
}