{
  "training_duration": "05:51:18",
  "training_start_epoch": 0,
  "training_epochs": 114,
  "epoch": 114,
  "training_coref_precision": 0.7812915874691925,
  "training_coref_recall": 0.5576460674639415,
  "training_coref_f1": 0.647771298683886,
  "training_mention_recall": 0.9321539232954911,
  "training_loss": 44.23040240167867,
  "validation_coref_precision": 0.6716950167626842,
  "validation_coref_recall": 0.5095540051418719,
  "validation_coref_f1": 0.5777624574749459,
  "validation_mention_recall": 0.9104672409292612,
  "validation_loss": 59.94457222753186,
  "best_epoch": 105,
  "best_validation_coref_precision": 0.6705270031382501,
  "best_validation_coref_recall": 0.5134572164057213,
  "best_validation_coref_f1": 0.5798506742105384,
  "best_validation_mention_recall": 0.910832680762203,
  "best_validation_loss": 60.02623210715418
}