{
  "training_duration": "05:59:55",
  "training_start_epoch": 0,
  "training_epochs": 83,
  "epoch": 83,
  "training_coref_precision": 0.7947941740657828,
  "training_coref_recall": 0.6041673207852326,
  "training_coref_f1": 0.6858741094359327,
  "training_mention_recall": 0.9220226539297239,
  "training_loss": 31.231512001928905,
  "validation_coref_precision": 0.680574360737384,
  "validation_coref_recall": 0.5389258386066129,
  "validation_coref_f1": 0.6010958689919011,
  "validation_mention_recall": 0.9026363873662229,
  "validation_loss": 58.49326752516395,
  "best_epoch": 74,
  "best_validation_coref_precision": 0.6771262029299491,
  "best_validation_coref_recall": 0.5438996292478954,
  "best_validation_coref_f1": 0.6028506701486437,
  "best_validation_mention_recall": 0.9020099190811799,
  "best_validation_loss": 57.45240542331151
}