{
  "training_duration": "04:39:30",
  "training_start_epoch": 0,
  "training_epochs": 72,
  "epoch": 72,
  "best_epoch": 62,
  "best_validation_coref_precision": 0.6158843243027138,
  "best_validation_coref_recall": 0.45238187772961647,
  "best_validation_coref_f1": 0.5206805082855593,
  "best_validation_mention_recall": 0.8758548681806317,
  "best_validation_loss": 85.3784192028203,
  "training_coref_precision": 0.6553971396845993,
  "training_coref_recall": 0.45991624341264464,
  "training_coref_f1": 0.5387534406547693,
  "training_mention_recall": 0.8881446148703378,
  "training_loss": 20.198904401894552,
  "validation_coref_precision": 0.6079833217365586,
  "validation_coref_recall": 0.45532254013857726,
  "validation_coref_f1": 0.5197661084114377,
  "validation_mention_recall": 0.8770555990602976,
  "validation_loss": 99.85171453487509
}