{
  "training_duration": "08:22:54",
  "training_start_epoch": 0,
  "training_epochs": 88,
  "epoch": 88,
  "best_epoch": 78,
  "best_validation_coref_precision": 0.6718133040438111,
  "best_validation_coref_recall": 0.5550920862109859,
  "best_validation_coref_f1": 0.6075920215648449,
  "best_validation_mention_recall": 0.9047246149830331,
  "best_validation_loss": 58.68635709213945,
  "training_coref_precision": 0.8067451750360183,
  "training_coref_recall": 0.6298817937010147,
  "training_coref_f1": 0.7070420497137975,
  "training_mention_recall": 0.925551884184677,
  "training_loss": 28.330241210208143,
  "validation_coref_precision": 0.6735319821621252,
  "validation_coref_recall": 0.5505433392060359,
  "validation_coref_f1": 0.6055912665518508,
  "validation_mention_recall": 0.9031584442704255,
  "validation_loss": 59.08870123697678
}