{
  "training_duration": "10:02:34",
  "training_start_epoch": 0,
  "training_epochs": 103,
  "epoch": 103,
  "best_epoch": 93,
  "best_validation_coref_precision": 0.6825260056509453,
  "best_validation_coref_recall": 0.5562073933116296,
  "best_validation_coref_f1": 0.6126432212457803,
  "best_validation_mention_recall": 0.9036282954842078,
  "best_validation_loss": 58.113341542169906,
  "training_coref_precision": 0.8090310338449248,
  "training_coref_recall": 0.6380342775573836,
  "training_coref_f1": 0.713051075491746,
  "training_mention_recall": 0.9266061533318762,
  "training_loss": 27.78706349063891,
  "validation_coref_precision": 0.6739235663920685,
  "validation_coref_recall": 0.5576819126778435,
  "validation_coref_f1": 0.6100804114175483,
  "validation_mention_recall": 0.9042025580788305,
  "validation_loss": 58.92423318453206
}