{
  "training_duration": "05:03:50",
  "training_start_epoch": 0,
  "training_epochs": 418,
  "epoch": 418,
  "best_epoch": 408,
  "best_validation_coref_precision": 0.6267926992333833,
  "best_validation_coref_recall": 0.46702739388318976,
  "best_validation_coref_f1": 0.5342901140315844,
  "best_validation_mention_recall": 0.8788827982250065,
  "best_validation_loss": 130.0442374311094,
  "training_coref_precision": 0.6796840423039713,
  "training_coref_recall": 0.4804949787055561,
  "training_coref_f1": 0.5613964192505033,
  "training_mention_recall": 0.8916095604211934,
  "training_loss": 14.382658018803308,
  "validation_coref_precision": 0.6287765279012983,
  "validation_coref_recall": 0.4653936442876843,
  "validation_coref_f1": 0.5338370503668409,
  "validation_mention_recall": 0.8789872096058471,
  "validation_loss": 133.59813998686897,
  "ensemble_validation_coref_precision": 0.6416415423381086,
  "ensemble_validation_coref_recall": 0.4615879613545822,
  "ensemble_validation_coref_f1": 0.5355784861660512,
  "ensemble_validation_mention_recall": 0.8813364656747585,
  "ensemble_validation_loss": 116.60839003702876
}