{
  "training_duration": "05:43:14",
  "training_start_epoch": 0,
  "training_epochs": 72,
  "epoch": 72,
  "best_epoch": 62,
  "best_validation_coref_precision": 0.616496192006471,
  "best_validation_coref_recall": 0.4516252544298161,
  "best_validation_coref_f1": 0.5199808427811076,
  "best_validation_mention_recall": 0.880396763247194,
  "best_validation_loss": 117.1061672305019,
  "training_coref_precision": 0.6630483366171043,
  "training_coref_recall": 0.4643785020491101,
  "training_coref_f1": 0.5444221115291518,
  "training_mention_recall": 0.8906002905668625,
  "training_loss": 16.987461039501447,
  "validation_coref_precision": 0.6137308593552052,
  "validation_coref_recall": 0.4475751513662003,
  "validation_coref_f1": 0.5162570786129366,
  "validation_mention_recall": 0.8795092665100496,
  "validation_loss": 122.95920450506033
}