{
  "training_duration": "05:44:49",
  "training_start_epoch": 0,
  "training_epochs": 76,
  "epoch": 76,
  "best_epoch": 66,
  "best_validation_coref_precision": 0.6626625316909265,
  "best_validation_coref_recall": 0.4847543058340347,
  "best_validation_coref_f1": 0.5583563924735938,
  "best_validation_mention_recall": 0.8842599843382929,
  "best_validation_loss": 72.99671449308126,
  "training_coref_precision": 0.7443643978057916,
  "training_coref_recall": 0.5250743079412997,
  "training_coref_f1": 0.6135925527389857,
  "training_mention_recall": 0.9028658121086669,
  "training_loss": 23.53680884980695,
  "validation_coref_precision": 0.6530982862723881,
  "validation_coref_recall": 0.48539601015979694,
  "validation_coref_f1": 0.5556333126938116,
  "validation_mention_recall": 0.8865048290263638,
  "validation_loss": 80.3793969477222
}