{
  "training_duration": "09:13:34",
  "training_start_epoch": 0,
  "training_epochs": 112,
  "epoch": 112,
  "training_coref_precision": 0.805830008337917,
  "training_coref_recall": 0.6007638771491371,
  "training_coref_f1": 0.6878728413631122,
  "training_mention_recall": 0.9177734349888788,
  "training_loss": 27.615965653754255,
  "validation_coref_precision": 0.6803197337308116,
  "validation_coref_recall": 0.5361409639574738,
  "validation_coref_f1": 0.5993834635176265,
  "validation_mention_recall": 0.8988775776559645,
  "validation_loss": 60.16052147939274,
  "best_epoch": 103,
  "best_validation_coref_precision": 0.6811154317089553,
  "best_validation_coref_recall": 0.5362500194627694,
  "best_validation_coref_f1": 0.5997559827351846,
  "best_validation_mention_recall": 0.898981989036805,
  "best_validation_loss": 60.1670205881215
}