{
  "training_duration": "09:25:38",
  "training_start_epoch": 0,
  "training_epochs": 118,
  "epoch": 118,
  "training_coref_precision": 0.8168423269907029,
  "training_coref_recall": 0.621707272996021,
  "training_coref_f1": 0.7056355081310469,
  "training_mention_recall": 0.9189498450738631,
  "training_loss": 26.48077751905476,
  "validation_coref_precision": 0.6854905156661997,
  "validation_coref_recall": 0.5457090169103724,
  "validation_coref_f1": 0.6073944123082243,
  "validation_mention_recall": 0.9005481597494127,
  "validation_loss": 61.50387674107358,
  "best_epoch": 109,
  "best_validation_coref_precision": 0.6878276979995555,
  "best_validation_coref_recall": 0.5461293203829337,
  "best_validation_coref_f1": 0.6085943779557929,
  "best_validation_mention_recall": 0.9007569825110937,
  "best_validation_loss": 61.38352100901494
}