{
  "training_duration": "08:00:26",
  "training_start_epoch": 0,
  "training_epochs": 97,
  "epoch": 97,
  "training_coref_precision": 0.8055264868905928,
  "training_coref_recall": 0.5898678466738855,
  "training_coref_f1": 0.6805492438624438,
  "training_mention_recall": 0.9100271281451291,
  "training_loss": 25.090280972315682,
  "validation_coref_precision": 0.6886460102927244,
  "validation_coref_recall": 0.5189216401408925,
  "validation_coref_f1": 0.5914400600184376,
  "validation_mention_recall": 0.8898459932132603,
  "validation_loss": 62.043481799924564,
  "best_epoch": 88,
  "best_validation_coref_precision": 0.6833089899484142,
  "best_validation_coref_recall": 0.5246495176107498,
  "best_validation_coref_f1": 0.5931109432078658,
  "best_validation_mention_recall": 0.8874445314539284,
  "best_validation_loss": 61.04114157446584
}
