{
  "training_duration": "06:41:34",
  "training_start_epoch": 0,
  "training_epochs": 90,
  "epoch": 90,
  "training_coref_precision": 0.8102759669562657,
  "training_coref_recall": 0.6139814432820776,
  "training_coref_f1": 0.6980884719279965,
  "training_mention_recall": 0.9211290965427686,
  "training_loss": 29.238759088702306,
  "validation_coref_precision": 0.6760225858517535,
  "validation_coref_recall": 0.538402167497744,
  "validation_coref_f1": 0.5990281850159153,
  "validation_mention_recall": 0.9049856434351344,
  "validation_loss": 62.11356727105264,
  "best_epoch": 81,
  "best_validation_coref_precision": 0.6769066506161544,
  "best_validation_coref_recall": 0.5420008670170348,
  "best_validation_coref_f1": 0.6016238465228314,
  "best_validation_mention_recall": 0.9057687287914382,
  "best_validation_loss": 61.89121983089259
}