{
  "training_duration": "07:29:19",
  "training_start_epoch": 0,
  "training_epochs": 92,
  "epoch": 92,
  "training_coref_precision": 0.8105836717160838,
  "training_coref_recall": 0.6318061617597528,
  "training_coref_f1": 0.7096060509662981,
  "training_mention_recall": 0.9261561604031937,
  "training_loss": 30.0316220055963,
  "validation_coref_precision": 0.676755711108657,
  "validation_coref_recall": 0.5467802124289893,
  "validation_coref_f1": 0.6044201331477663,
  "validation_mention_recall": 0.902845210127904,
  "validation_loss": 57.863180262012186,
  "best_epoch": 83,
  "best_validation_coref_precision": 0.6841222122429288,
  "best_validation_coref_recall": 0.5446012584446567,
  "best_validation_coref_f1": 0.6060643620954176,
  "best_validation_mention_recall": 0.9024797702949622,
  "best_validation_loss": 57.083911736126524
}