{
  "training_duration": "07:33:16",
  "training_start_epoch": 0,
  "training_epochs": 98,
  "epoch": 98,
  "training_coref_precision": 0.7828143773957436,
  "training_coref_recall": 0.5820632413233365,
  "training_coref_f1": 0.6665860238566603,
  "training_mention_recall": 0.9195091219995114,
  "training_loss": 27.27414140321944,
  "validation_coref_precision": 0.6723675043888866,
  "validation_coref_recall": 0.5217810421444794,
  "validation_coref_f1": 0.5868763633761751,
  "validation_mention_recall": 0.899190811798486,
  "validation_loss": 64.47561399432296,
  "best_epoch": 89,
  "best_validation_coref_precision": 0.6706319702004427,
  "best_validation_coref_recall": 0.5262680344296379,
  "best_validation_coref_f1": 0.5892012536486412,
  "best_validation_mention_recall": 0.8997650743931088,
  "best_validation_loss": 63.72012112587256
}