{
  "training_duration": "06:44:12",
  "training_start_epoch": 0,
  "training_epochs": 83,
  "epoch": 83,
  "training_coref_precision": 0.7956746399425224,
  "training_coref_recall": 0.607162539533876,
  "training_coref_f1": 0.6880132083504374,
  "training_mention_recall": 0.9229419251983183,
  "training_loss": 30.41001630705845,
  "validation_coref_precision": 0.6721749123504343,
  "validation_coref_recall": 0.5399737887282046,
  "validation_coref_f1": 0.5983928488497724,
  "validation_mention_recall": 0.9002871312973114,
  "validation_loss": 59.16592750922063,
  "best_epoch": 74,
  "best_validation_coref_precision": 0.6784058700012937,
  "best_validation_coref_recall": 0.537884858116406,
  "best_validation_coref_f1": 0.5994447021430668,
  "best_validation_mention_recall": 0.8997650743931088,
  "best_validation_loss": 57.43215619099296
}