{
  "training_duration": "06:53:45",
  "training_start_epoch": 0,
  "training_epochs": 79,
  "epoch": 79,
  "training_coref_precision": 0.7212589393873268,
  "training_coref_recall": 0.5012659870781395,
  "training_coref_f1": 0.5895958704254141,
  "training_mention_recall": 0.8983851682330706,
  "training_loss": 19.97706074313513,
  "validation_coref_precision": 0.6485691119656162,
  "validation_coref_recall": 0.47604761077524566,
  "validation_coref_f1": 0.5480580084151531,
  "validation_mention_recall": 0.8827982250065257,
  "validation_loss": 85.42385162723683,
  "best_epoch": 70,
  "best_validation_coref_precision": 0.6467365251180217,
  "best_validation_coref_recall": 0.4787591440697902,
  "best_validation_coref_f1": 0.5492444555589766,
  "best_validation_mention_recall": 0.8833724876011485,
  "best_validation_loss": 82.55416141891749
}