{
  "training_duration": "06:09:49",
  "training_start_epoch": 0,
  "training_epochs": 84,
  "epoch": 84,
  "training_coref_precision": 0.8011824204258745,
  "training_coref_recall": 0.6246049209118988,
  "training_coref_f1": 0.7014403379452071,
  "training_mention_recall": 0.9285861222180795,
  "training_loss": 31.97679854777566,
  "validation_coref_precision": 0.6757038306512162,
  "validation_coref_recall": 0.5516896882042245,
  "validation_coref_f1": 0.6071381569425354,
  "validation_mention_recall": 0.907752545027408,
  "validation_loss": 58.54999181331996,
  "best_epoch": 75,
  "best_validation_coref_precision": 0.6804061064382961,
  "best_validation_coref_recall": 0.5554007737593163,
  "best_validation_coref_f1": 0.6113253373293095,
  "best_validation_mention_recall": 0.9048812320542939,
  "best_validation_loss": 55.705313967752645
}