{
  "training_duration": "05:31:41",
  "training_start_epoch": 0,
  "training_epochs": 83,
  "epoch": 83,
  "best_epoch": 73,
  "best_validation_coref_precision": 0.6652106146376792,
  "best_validation_coref_recall": 0.5256724813090049,
  "best_validation_coref_f1": 0.5866287347896475,
  "best_validation_mention_recall": 0.8996084573218481,
  "best_validation_loss": 67.6970450336863,
  "training_coref_precision": 0.7718757158192769,
  "training_coref_recall": 0.5755296329000977,
  "training_coref_f1": 0.658248814360315,
  "training_mention_recall": 0.917355584412245,
  "training_loss": 25.703110666709904,
  "validation_coref_precision": 0.6609646310196712,
  "validation_coref_recall": 0.5252953711418641,
  "validation_coref_f1": 0.5846919479846381,
  "validation_mention_recall": 0.8985643435134429,
  "validation_loss": 68.51717658056782,
  "test_coref_precision": 0.6611678000909281,
  "test_coref_recall": 0.5220475920169932,
  "test_coref_f1": 0.5827685481524251,
  "test_mention_recall": 0.9069520340012144
}