{
  "training_duration": "06:32:02",
  "training_start_epoch": 0,
  "training_epochs": 76,
  "epoch": 76,
  "training_coref_precision": 0.7253120680689155,
  "training_coref_recall": 0.5576944156475573,
  "training_coref_f1": 0.6301126787970336,
  "training_mention_recall": 0.9169248768947916,
  "training_loss": 28.72750468894721,
  "validation_coref_precision": 0.647684385274094,
  "validation_coref_recall": 0.5151093106705842,
  "validation_coref_f1": 0.5736956204210205,
  "validation_mention_recall": 0.9011746280344558,
  "validation_loss": 67.30458561011078,
  "best_epoch": 67,
  "best_validation_coref_precision": 0.6457802653478859,
  "best_validation_coref_recall": 0.5188673944786556,
  "best_validation_coref_f1": 0.5752643565369445,
  "best_validation_mention_recall": 0.9004959540589924,
  "best_validation_loss": 66.50788598955927
}