{
  "training_duration": "06:55:23",
  "training_start_epoch": 0,
  "training_epochs": 88,
  "epoch": 88,
  "training_coref_precision": 0.742568821682933,
  "training_coref_recall": 0.5745446840603821,
  "training_coref_f1": 0.6475659166777913,
  "training_mention_recall": 0.911370678460767,
  "training_loss": 27.686759728736764,
  "validation_coref_precision": 0.6427820503054098,
  "validation_coref_recall": 0.5178021614207309,
  "validation_coref_f1": 0.5734922050363328,
  "validation_mention_recall": 0.8936570086139389,
  "validation_loss": 67.28998252747881,
  "best_epoch": 79,
  "best_validation_coref_precision": 0.6456688011261736,
  "best_validation_coref_recall": 0.5207580631170367,
  "best_validation_coref_f1": 0.5764522212790449,
  "best_validation_mention_recall": 0.8931871574001566,
  "best_validation_loss": 66.32535594649634
}