{
  "training_duration": "08:35:13",
  "training_start_epoch": 0,
  "training_epochs": 110,
  "epoch": 110,
  "best_epoch": 100,
  "best_validation_coref_precision": 0.677670984687869,
  "best_validation_coref_recall": 0.5557727296324088,
  "best_validation_coref_f1": 0.61051840079293,
  "best_validation_mention_recall": 0.9022187418428609,
  "best_validation_loss": 59.262362378950804,
  "training_coref_precision": 0.8052024844434479,
  "training_coref_recall": 0.6335294199841767,
  "training_coref_f1": 0.7087696858306612,
  "training_mention_recall": 0.924626184445673,
  "training_loss": 27.986023976090607,
  "validation_coref_precision": 0.6750427364622196,
  "validation_coref_recall": 0.5542082293353977,
  "validation_coref_f1": 0.608507965672878,
  "validation_mention_recall": 0.9022709475332811,
  "validation_loss": 59.10148735950177
}