{
  "training_duration": "04:31:27",
  "training_start_epoch": 0,
  "training_epochs": 68,
  "epoch": 68,
  "best_epoch": 43,
  "best_validation_coref_precision": 0.607885987930863,
  "best_validation_coref_recall": 0.4507617644069985,
  "best_validation_coref_f1": 0.5164957530808599,
  "best_validation_mention_recall": 0.8766901592273558,
  "best_validation_loss": 93.56157890274176,
  "training_coref_precision": 0.6579759790832247,
  "training_coref_recall": 0.4512774868844671,
  "training_coref_f1": 0.5335453354591115,
  "training_mention_recall": 0.8875596240630504,
  "training_loss": 20.28434625494057,
  "validation_coref_precision": 0.6100319748042276,
  "validation_coref_recall": 0.443644048059348,
  "validation_coref_f1": 0.5121634977154687,
  "validation_mention_recall": 0.8782563299399635,
  "validation_loss": 106.24820516743281,
  "F1_deltas": 0.0,
  "test_coref_precision": 0.602098985404865,
  "test_coref_recall": 0.4550572414493017,
  "test_coref_f1": 0.5172295598614663,
  "test_mention_recall": 0.8851953045942117
}