{
  "training_duration": "04:16:00",
  "training_start_epoch": 0,
  "training_epochs": 70,
  "epoch": 70,
  "best_epoch": 60,
  "best_validation_coref_precision": 0.6126359935836998,
  "best_validation_coref_recall": 0.4592766499660483,
  "best_validation_coref_f1": 0.5241113220775465,
  "best_validation_mention_recall": 0.885512920908379,
  "best_validation_loss": 93.89595732584992,
  "training_coref_precision": 0.660227048475435,
  "training_coref_recall": 0.45891181579230816,
  "training_coref_f1": 0.5397451699954302,
  "training_mention_recall": 0.8925095462785585,
  "training_loss": 20.014039566896102,
  "validation_coref_precision": 0.6150543699298386,
  "validation_coref_recall": 0.4517694200004259,
  "validation_coref_f1": 0.5197301652972272,
  "validation_mention_recall": 0.8843643957191334,
  "validation_loss": 106.0543079281461,
  "F1_deltas": 0.0,
  "test_coref_precision": 0.60931683467822,
  "test_coref_recall": 0.4605496955396269,
  "test_coref_f1": 0.5234889813628455,
  "test_mention_recall": 0.8931896377251568
}