{
  "training_duration": "05:37:42",
  "training_start_epoch": 0,
  "training_epochs": 76,
  "epoch": 76,
  "best_epoch": 31,
  "best_validation_coref_precision": 0.6123187245407119,
  "best_validation_coref_recall": 0.4560343860010783,
  "best_validation_coref_f1": 0.5219393057610744,
  "best_validation_mention_recall": 0.8835813103628295,
  "best_validation_loss": 86.56833414400523,
  "training_coref_precision": 0.6582555178572183,
  "training_coref_recall": 0.4629074212177772,
  "training_coref_f1": 0.5417247474648553,
  "training_mention_recall": 0.8929209683847825,
  "training_loss": 18.222598062858694,
  "validation_coref_precision": 0.6051944701553025,
  "validation_coref_recall": 0.45485044200156793,
  "validation_coref_f1": 0.518099244789334,
  "validation_mention_recall": 0.8833202819107283,
  "validation_loss": 111.22743387657975,
  "F1_deltas": 0.0,
  "test_coref_precision": 0.6102181757107128,
  "test_coref_recall": 0.45621286195040184,
  "test_coref_f1": 0.52083268413038,
  "test_mention_recall": 0.8891418741145517
}