{
  "training_duration": "03:28:10",
  "training_start_epoch": 0,
  "training_epochs": 58,
  "epoch": 58,
  "best_epoch": 37,
  "best_validation_coref_precision": 0.5992246090236343,
  "best_validation_coref_recall": 0.450752939577265,
  "best_validation_coref_f1": 0.5132538950777524,
  "best_validation_mention_recall": 0.8746019316105456,
  "best_validation_loss": 105.63203761961348,
  "training_coref_precision": 0.6589576495054619,
  "training_coref_recall": 0.4406285265151893,
  "training_coref_f1": 0.5261358076939795,
  "training_mention_recall": 0.8861325036320857,
  "training_loss": 20.406367765309163,
  "validation_coref_precision": 0.6138626365735708,
  "validation_coref_recall": 0.43885653464367674,
  "validation_coref_f1": 0.5105123371034728,
  "validation_mention_recall": 0.8779953014878622,
  "validation_loss": 109.00499671184058,
  "F1_deltas": 0.0,
  "test_coref_precision": 0.597252679267853,
  "test_coref_recall": 0.44971177348032204,
  "test_coref_f1": 0.5118582125790376,
  "test_mention_recall": 0.8819570937057276
}