{
  "training_duration": "04:21:31",
  "training_start_epoch": 0,
  "training_epochs": 72,
  "epoch": 72,
  "best_epoch": 62,
  "best_validation_coref_precision": 0.6180547556681054,
  "best_validation_coref_recall": 0.446682235230651,
  "best_validation_coref_f1": 0.5174722271577751,
  "best_validation_mention_recall": 0.8803445575567737,
  "best_validation_loss": 96.48424803090903,
  "training_coref_precision": 0.6656472584663037,
  "training_coref_recall": 0.4460689179454824,
  "training_coref_f1": 0.5325104212187676,
  "training_mention_recall": 0.8899638719962972,
  "training_loss": 18.142352343824687,
  "validation_coref_precision": 0.6224619001561661,
  "validation_coref_recall": 0.43920737055443904,
  "validation_coref_f1": 0.5137366747962353,
  "validation_mention_recall": 0.8824327851735839,
  "validation_loss": 119.75604224919529,
  "F1_deltas": 0.0,
  "test_coref_precision": 0.6103284430568986,
  "test_coref_recall": 0.44477631145344715,
  "test_coref_f1": 0.5132709837810924,
  "test_mention_recall": 0.886561424812791
}