{
  "training_duration": "03:59:45",
  "training_start_epoch": 0,
  "training_epochs": 61,
  "epoch": 61,
  "best_epoch": 41,
  "best_validation_coref_precision": 0.5932800129086319,
  "best_validation_coref_recall": 0.4553919034183765,
  "best_validation_coref_f1": 0.5145267730883415,
  "best_validation_mention_recall": 0.8748107543722266,
  "best_validation_loss": 93.03240538093787,
  "training_coref_precision": 0.6557384476444692,
  "training_coref_recall": 0.4482666913863563,
  "training_coref_f1": 0.5308584399982998,
  "training_mention_recall": 0.8851810900114426,
  "training_loss": 20.992229280685518,
  "validation_coref_precision": 0.6099992403881377,
  "validation_coref_recall": 0.43676969720110437,
  "validation_coref_f1": 0.5079606208767528,
  "validation_mention_recall": 0.8727747324458366,
  "validation_loss": 104.93936303167216,
  "F1_deltas": 0.0,
  "test_coref_precision": 0.5966509170678039,
  "test_coref_recall": 0.45541920179588263,
  "test_coref_f1": 0.5156860388897245,
  "test_mention_recall": 0.8849423193685488
}