{
  "training_duration": "04:40:40",
  "training_start_epoch": 0,
  "training_epochs": 67,
  "epoch": 67,
  "best_epoch": 19,
  "best_validation_coref_precision": 0.6191558975230366,
  "best_validation_coref_recall": 0.4368074699425503,
  "best_validation_coref_f1": 0.5110632698885533,
  "best_validation_mention_recall": 0.8788305925345863,
  "best_validation_loss": 81.6406778740064,
  "training_coref_precision": 0.6683665911532968,
  "training_coref_recall": 0.433205033265549,
  "training_coref_f1": 0.5231400967380851,
  "training_mention_recall": 0.8880224739325525,
  "training_loss": 16.600813792393243,
  "validation_coref_precision": 0.6221727571014849,
  "validation_coref_recall": 0.42301344454963385,
  "validation_coref_f1": 0.5015871083151695,
  "validation_mention_recall": 0.8770033933698773,
  "validation_loss": 130.55421215880685,
  "F1_deltas": 0.0,
  "test_coref_precision": 0.6065927155951488,
  "test_coref_recall": 0.43706271520363993,
  "test_coref_f1": 0.5067703910905678,
  "test_mention_recall": 0.8848411252782837
}