{
  "training_duration": "05:14:53",
  "training_start_epoch": 0,
  "training_epochs": 79,
  "epoch": 79,
  "best_epoch": 69,
  "best_validation_coref_precision": 0.6202851107547852,
  "best_validation_coref_recall": 0.45569906992778936,
  "best_validation_coref_f1": 0.5243377328082167,
  "best_validation_mention_recall": 0.8820673453406421,
  "best_validation_loss": 99.92410914341814,
  "training_coref_precision": 0.66320815771343,
  "training_coref_recall": 0.46904309444379727,
  "training_coref_f1": 0.5477676319510473,
  "training_mention_recall": 0.8927859705061778,
  "training_loss": 18.67876231497527,
  "validation_coref_precision": 0.6159782682754007,
  "validation_coref_recall": 0.4558408953235238,
  "validation_coref_f1": 0.5227738883068479,
  "validation_mention_recall": 0.8818063168885408,
  "validation_loss": 107.90057478654919,
  "F1_deltas": 0.0,
  "test_coref_precision": 0.6137650925479331,
  "test_coref_recall": 0.4557050360020482,
  "test_coref_f1": 0.52184075922912,
  "test_mention_recall": 0.8890406800242866
}