{
  "training_duration": "05:05:04",
  "training_start_epoch": 0,
  "training_epochs": 69,
  "epoch": 69,
  "training_coref_precision": 0.6637668686166119,
  "training_coref_recall": 0.4535953401150919,
  "training_coref_f1": 0.5369236535318581,
  "training_mention_recall": 0.8906517183301406,
  "training_loss": 18.272252106745775,
  "validation_coref_precision": 0.624595795438171,
  "validation_coref_recall": 0.43691008867953024,
  "validation_coref_f1": 0.512476654404203,
  "validation_mention_recall": 0.8809710258418167,
  "validation_loss": 117.51393740605319,
  "best_epoch": 60,
  "best_validation_coref_precision": 0.6061991899923114,
  "best_validation_coref_recall": 0.4520158009037549,
  "best_validation_coref_f1": 0.5165252023789011,
  "best_validation_mention_recall": 0.8796658835813104,
  "best_validation_loss": 92.52126933065713
}