{
  "training_duration": "05:39:21",
  "training_start_epoch": 0,
  "training_epochs": 77,
  "epoch": 77,
  "training_coref_precision": 0.6855401141808833,
  "training_coref_recall": 0.4631251932475721,
  "training_coref_f1": 0.550885704258373,
  "training_mention_recall": 0.8988480181025726,
  "training_loss": 21.905996872664748,
  "validation_coref_precision": 0.633486688091074,
  "validation_coref_recall": 0.452650253789987,
  "validation_coref_f1": 0.526413096787242,
  "validation_mention_recall": 0.887966588358131,
  "validation_loss": 91.14313297174259,
  "best_epoch": 68,
  "best_validation_coref_precision": 0.6336729158182383,
  "best_validation_coref_recall": 0.4551334905811892,
  "best_validation_coref_f1": 0.5281169221817589,
  "best_validation_mention_recall": 0.8885408509527538,
  "best_validation_loss": 84.88425110556075
}