{
  "training_duration": "08:47:55",
  "training_start_epoch": 0,
  "training_epochs": 103,
  "epoch": 103,
  "training_coref_precision": 0.8098713194875868,
  "training_coref_recall": 0.6330765492050211,
  "training_coref_f1": 0.7100944861829466,
  "training_mention_recall": 0.924677612208951,
  "training_loss": 29.64168010760622,
  "validation_coref_precision": 0.6843805062361326,
  "validation_coref_recall": 0.5523041714895208,
  "validation_coref_f1": 0.6108533886009454,
  "validation_mention_recall": 0.9001305142260506,
  "validation_loss": 57.483764934675285,
  "best_epoch": 94,
  "best_validation_coref_precision": 0.684624691142541,
  "best_validation_coref_recall": 0.5533499073487723,
  "best_validation_coref_f1": 0.6116089569640205,
  "best_validation_mention_recall": 0.9004437483685722,
  "best_validation_loss": 57.465356847433895
}