{
  "training_duration": "05:26:35",
  "training_start_epoch": 0,
  "training_epochs": 78,
  "epoch": 78,
  "training_coref_precision": 0.6972819119304737,
  "training_coref_recall": 0.5450243618640936,
  "training_coref_f1": 0.6115816848512448,
  "training_mention_recall": 0.9084457244243305,
  "training_loss": 26.30626388774804,
  "validation_coref_precision": 0.6220877111529467,
  "validation_coref_recall": 0.5048937174306242,
  "validation_coref_f1": 0.5573300257640438,
  "validation_mention_recall": 0.8943878882798225,
  "validation_loss": 75.1095439443719,
  "best_epoch": 69,
  "best_validation_coref_precision": 0.6305084144875565,
  "best_validation_coref_recall": 0.5026640316072563,
  "best_validation_coref_f1": 0.5592686404882067,
  "best_validation_mention_recall": 0.8935525972330984,
  "best_validation_loss": 72.8872638432727
}