{
  "training_duration": "10:25:22",
  "training_start_epoch": 0,
  "training_epochs": 73,
  "epoch": 73,
  "training_coref_precision": 0.7006669975782601,
  "training_coref_recall": 0.4711597620016299,
  "training_coref_f1": 0.5611360927224002,
  "training_mention_recall": 0.9009501279265612,
  "training_loss": 25.582349176012315,
  "validation_coref_precision": 0.6316804630622337,
  "validation_coref_recall": 0.45894356439353623,
  "validation_coref_f1": 0.5299134759287613,
  "validation_mention_recall": 0.8865570347167842,
  "validation_loss": 79.94051759092153,
  "best_epoch": 64,
  "best_validation_coref_precision": 0.6361045816770644,
  "best_validation_coref_recall": 0.4598079352405889,
  "best_validation_coref_f1": 0.5319604287903494,
  "best_validation_mention_recall": 0.8871312973114069,
  "best_validation_loss": 74.35454734052061
}