{
  "training_duration": "05:13:17",
  "training_start_epoch": 0,
  "training_epochs": 70,
  "epoch": 70,
  "training_coref_precision": 0.6717498771620177,
  "training_coref_recall": 0.4684405008609948,
  "training_coref_f1": 0.550324122433746,
  "training_mention_recall": 0.8944702297535324,
  "training_loss": 20.2548691772566,
  "validation_coref_precision": 0.6133682962914869,
  "validation_coref_recall": 0.45558167157345436,
  "validation_coref_f1": 0.5217611106360946,
  "validation_mention_recall": 0.8849908640041765,
  "validation_loss": 96.86340049478477,
  "best_epoch": 61,
  "best_validation_coref_precision": 0.6185484963567085,
  "best_validation_coref_recall": 0.45514896597219684,
  "best_validation_coref_f1": 0.5233474813675794,
  "best_validation_mention_recall": 0.8877055599060297,
  "best_validation_loss": 93.07592537828094
}