{
  "training_duration": "07:35:17",
  "training_start_epoch": 0,
  "training_epochs": 96,
  "epoch": 96,
  "training_coref_precision": 0.7434409866050592,
  "training_coref_recall": 0.5315691569389206,
  "training_coref_f1": 0.6178456445533054,
  "training_mention_recall": 0.915703467516939,
  "training_loss": 30.16660339054887,
  "validation_coref_precision": 0.6606622398127455,
  "validation_coref_recall": 0.4976965351442917,
  "validation_coref_f1": 0.5663221730776907,
  "validation_mention_recall": 0.8983033150613416,
  "validation_loss": 67.83457662731018,
  "best_epoch": 87,
  "best_validation_coref_precision": 0.6606439517867688,
  "best_validation_coref_recall": 0.4985822466288103,
  "best_validation_coref_f1": 0.5669650311437248,
  "best_validation_mention_recall": 0.8994518402505873,
  "best_validation_loss": 67.83107502206498
}