{
  "training_duration": "05:47:59",
  "training_start_epoch": 0,
  "training_epochs": 80,
  "epoch": 80,
  "training_coref_precision": 0.7423070153538561,
  "training_coref_recall": 0.5751519203363652,
  "training_coref_f1": 0.6478664200117238,
  "training_mention_recall": 0.9157677522210366,
  "training_loss": 31.4285237112799,
  "validation_coref_precision": 0.650084508742191,
  "validation_coref_recall": 0.5302801157481921,
  "validation_coref_f1": 0.5840304642790279,
  "validation_mention_recall": 0.8981989036805011,
  "validation_loss": 61.42415054606236,
  "best_epoch": 71,
  "best_validation_coref_precision": 0.6647842745276935,
  "best_validation_coref_recall": 0.5233906612358491,
  "best_validation_coref_f1": 0.5855112654725874,
  "best_validation_mention_recall": 0.898146697990081,
  "best_validation_loss": 59.44719814945762
}