{
  "training_duration": "06:01:13",
  "training_start_epoch": 0,
  "training_epochs": 78,
  "epoch": 78,
  "training_coref_precision": 0.7781441344303218,
  "training_coref_recall": 0.5943403255089078,
  "training_coref_f1": 0.6736765618635715,
  "training_mention_recall": 0.9205248203242521,
  "training_loss": 30.53358029841673,
  "validation_coref_precision": 0.6723920263942359,
  "validation_coref_recall": 0.5359711725120476,
  "validation_coref_f1": 0.5963399751030506,
  "validation_mention_recall": 0.9016444792482381,
  "validation_loss": 60.70400733398355,
  "best_epoch": 69,
  "best_validation_coref_precision": 0.6682299501043318,
  "best_validation_coref_recall": 0.5403071253435713,
  "best_validation_coref_f1": 0.5973633322896884,
  "best_validation_mention_recall": 0.9026363873662229,
  "best_validation_loss": 61.241899834690564
}