{
  "training_duration": "10:25:40",
  "training_start_epoch": 0,
  "training_epochs": 87,
  "epoch": 87,
  "training_coref_precision": 0.7825720285921607,
  "training_coref_recall": 0.5939399003282769,
  "training_coref_f1": 0.6742566888224647,
  "training_mention_recall": 0.9257125959449208,
  "training_loss": 31.80891020041919,
  "validation_coref_precision": 0.6694415285803007,
  "validation_coref_recall": 0.5324324274071411,
  "validation_coref_f1": 0.5925361919705415,
  "validation_mention_recall": 0.90409814669799,
  "validation_loss": 61.77225010795383,
  "best_epoch": 78,
  "best_validation_coref_precision": 0.6674068483822323,
  "best_validation_coref_recall": 0.5376492507246998,
  "best_validation_coref_f1": 0.595026526884311,
  "best_validation_mention_recall": 0.903889323936309,
  "best_validation_loss": 60.44476766898989
}