{
  "training_duration": "00:46:43",
  "training_start_epoch": 0,
  "training_epochs": 31,
  "epoch": 31,
  "training_coref_precision": 0.8087492923839047,
  "training_coref_recall": 0.640346449098505,
  "training_coref_f1": 0.7143962767635593,
  "training_mention_recall": 0.9335326586936522,
  "training_loss": 24.73025030407473,
  "validation_coref_precision": 0.5979074042091562,
  "validation_coref_recall": 0.4529984039109601,
  "validation_coref_f1": 0.5146267865192358,
  "validation_mention_recall": 0.87548942834769,
  "validation_loss": 89.7829537599917,
  "best_epoch": 22,
  "best_validation_coref_precision": 0.5836397792991904,
  "best_validation_coref_recall": 0.4662844539429218,
  "best_validation_coref_f1": 0.5179123989590043,
  "best_validation_mention_recall": 0.876951187679457,
  "best_validation_loss": 83.4707901964165
}