{
  "training_duration": "03:54:14",
  "training_start_epoch": 0,
  "training_epochs": 19,
  "epoch": 19,
  "best_epoch": 18,
  "best_validation_coref_precision": 0.6278436969446671,
  "best_validation_coref_recall": 0.46149557893473864,
  "best_validation_coref_f1": 0.5309650146732334,
  "best_validation_mention_recall": 0.8827460193161054,
  "best_validation_loss": 69.41199974351869,
  "training_coref_precision": 0.7507164267048494,
  "training_coref_recall": 0.5222537681734102,
  "training_coref_f1": 0.6150095102596199,
  "training_mention_recall": 0.9062396762471093,
  "training_loss": 30.898190707782348,
  "validation_coref_precision": 0.626731752072233,
  "validation_coref_recall": 0.45270620909483367,
  "validation_coref_f1": 0.5240895860050546,
  "validation_mention_recall": 0.882850430696946,
  "validation_loss": 71.09050166741578
}