{
  "training_duration": "01:17:50",
  "training_start_epoch": 0,
  "training_epochs": 16,
  "epoch": 16,
  "best_epoch": 16,
  "best_validation_coref_precision": 0.6046092852280295,
  "best_validation_coref_recall": 0.4658612872154368,
  "best_validation_coref_f1": 0.5254779513201454,
  "best_validation_mention_recall": 0.8846254241712347,
  "best_validation_loss": 71.28460950202393,
  "training_coref_precision": 0.7346637696320593,
  "training_coref_recall": 0.49358823517293765,
  "training_coref_f1": 0.5893548526480367,
  "training_mention_recall": 0.9039478031053849,
  "training_loss": 33.98164975716798,
  "validation_coref_precision": 0.6046092852280295,
  "validation_coref_recall": 0.4658612872154368,
  "validation_coref_f1": 0.5254779513201454,
  "validation_mention_recall": 0.8846254241712347,
  "validation_loss": 71.28460950202393
}