{
  "training_duration": "00:07:22",
  "training_start_epoch": 0,
  "training_epochs": 4,
  "epoch": 4,
  "best_epoch": 4,
  "best_validation_coref_precision": 0.6101510735328175,
  "best_validation_coref_recall": 0.3969230858515438,
  "best_validation_coref_f1": 0.479261664058249,
  "best_validation_mention_recall": 0.8623335943617855,
  "best_validation_loss": 71.50518115251474,
  "training_coref_precision": 0.6697758984297092,
  "training_coref_recall": 0.3609362408749317,
  "training_coref_f1": 0.4667128952230704,
  "training_mention_recall": 0.8772177684321198,
  "training_loss": 54.17776529190796,
  "validation_coref_precision": 0.6101510735328175,
  "validation_coref_recall": 0.3969230858515438,
  "validation_coref_f1": 0.479261664058249,
  "validation_mention_recall": 0.8623335943617855,
  "validation_loss": 71.50518115251474
}