{
  "training_duration": "01:20:52",
  "training_start_epoch": 0,
  "training_epochs": 17,
  "epoch": 17,
  "best_epoch": 16,
  "best_validation_coref_precision": 0.6046092852280295,
  "best_validation_coref_recall": 0.4658612872154368,
  "best_validation_coref_f1": 0.5254779513201454,
  "best_validation_mention_recall": 0.8846254241712347,
  "best_validation_loss": 71.28460950202393,
  "training_coref_precision": 0.7400554072753449,
  "training_coref_recall": 0.5054843188116738,
  "training_coref_f1": 0.5996964636762,
  "training_mention_recall": 0.9054550710274198,
  "training_loss": 32.647816577659334,
  "validation_coref_precision": 0.6244660888508988,
  "validation_coref_recall": 0.45213525824539946,
  "validation_coref_f1": 0.5238778648032646,
  "validation_mention_recall": 0.8826938136256852,
  "validation_loss": 69.79493201739065
}