{
  "training_duration": "01:23:33",
  "training_start_epoch": 0,
  "training_epochs": 18,
  "epoch": 18,
  "best_epoch": 18,
  "best_validation_coref_precision": 0.6393124633453374,
  "best_validation_coref_recall": 0.4522863283234149,
  "best_validation_coref_f1": 0.5289857470503779,
  "best_validation_mention_recall": 0.8856173322892196,
  "best_validation_loss": 68.47200465728,
  "training_coref_precision": 0.7480645658486642,
  "training_coref_recall": 0.5124485894512765,
  "training_coref_f1": 0.6073023783220061,
  "training_mention_recall": 0.9073546415592997,
  "training_loss": 31.66938515371025,
  "validation_coref_precision": 0.6393124633453374,
  "validation_coref_recall": 0.4522863283234149,
  "validation_coref_f1": 0.5289857470503779,
  "validation_mention_recall": 0.8856173322892196,
  "validation_loss": 68.47200465728
}