{
  "training_duration": "01:37:48",
  "training_start_epoch": 0,
  "training_epochs": 11,
  "epoch": 11,
  "best_epoch": 9,
  "best_validation_coref_precision": 0.6072650313232509,
  "best_validation_coref_recall": 0.43657435637071923,
  "best_validation_coref_f1": 0.5060030786009158,
  "best_validation_mention_recall": 0.8699556251631427,
  "best_validation_loss": 70.34892241296198,
  "training_coref_precision": 0.7137798168612012,
  "training_coref_recall": 0.46053130187065716,
  "training_coref_f1": 0.5582466618339065,
  "training_mention_recall": 0.8997490589711418,
  "training_loss": 39.59370913825839,
  "validation_coref_precision": 0.6115669140231389,
  "validation_coref_recall": 0.430787396467593,
  "validation_coref_f1": 0.5042177506809069,
  "validation_mention_recall": 0.8758548681806317,
  "validation_loss": 69.84932208825826
}