{
  "training_duration": "00:45:13",
  "training_start_epoch": 0,
  "training_epochs": 14,
  "epoch": 14,
  "best_epoch": 12,
  "best_validation_coref_precision": 0.6075086793309373,
  "best_validation_coref_recall": 0.4567986176829859,
  "best_validation_coref_f1": 0.5204823880825634,
  "best_validation_mention_recall": 0.8791438266771078,
  "best_validation_loss": 70.12329641297329,
  "training_coref_precision": 0.7344394320630742,
  "training_coref_recall": 0.4938085026655128,
  "training_coref_f1": 0.5893542473641616,
  "training_mention_recall": 0.9062735257214555,
  "training_loss": 35.41124928080922,
  "validation_coref_precision": 0.6233340227563446,
  "validation_coref_recall": 0.4339143285598581,
  "validation_coref_f1": 0.5095670381592408,
  "validation_mention_recall": 0.878569564082485,
  "validation_loss": 70.10012308160609
}