{
  "training_duration": "00:06:45",
  "training_start_epoch": 0,
  "training_epochs": 4,
  "epoch": 4,
  "best_epoch": 4,
  "best_validation_coref_precision": 0.6016656666221248,
  "best_validation_coref_recall": 0.39515654309016784,
  "best_validation_coref_f1": 0.4753780374141987,
  "best_validation_mention_recall": 0.8582615505090054,
  "best_validation_loss": 71.79401389424724,
  "training_coref_precision": 0.6658983741063137,
  "training_coref_recall": 0.36536783659930966,
  "training_coref_f1": 0.4694573507811189,
  "training_mention_recall": 0.8774806150611119,
  "training_loss": 53.41712545167921,
  "validation_coref_precision": 0.6016656666221248,
  "validation_coref_recall": 0.39515654309016784,
  "validation_coref_f1": 0.4753780374141987,
  "validation_mention_recall": 0.8582615505090054,
  "validation_loss": 71.79401389424724
}