{
  "training_duration": "00:10:20",
  "training_start_epoch": 0,
  "training_epochs": 6,
  "epoch": 6,
  "best_epoch": 4,
  "best_validation_coref_precision": 0.6101510735328175,
  "best_validation_coref_recall": 0.3969230858515438,
  "best_validation_coref_f1": 0.479261664058249,
  "best_validation_mention_recall": 0.8623335943617855,
  "best_validation_loss": 71.50518115251474,
  "training_coref_precision": 0.6810609363535526,
  "training_coref_recall": 0.40350896888275173,
  "training_coref_f1": 0.5043359648123633,
  "training_mention_recall": 0.891575765540807,
  "training_loss": 49.34080038458907,
  "validation_coref_precision": 0.6360483180651845,
  "validation_coref_recall": 0.3803636094837591,
  "validation_coref_f1": 0.47302849645503925,
  "validation_mention_recall": 0.8651527016444792,
  "validation_loss": 68.82698211017399
}