{
  "training_duration": "00:04:25",
  "training_start_epoch": 0,
  "training_epochs": 2,
  "epoch": 2,
  "best_epoch": 2,
  "best_validation_coref_precision": 0.6106683657277311,
  "best_validation_coref_recall": 0.35300084652884794,
  "best_validation_coref_f1": 0.44491763891364533,
  "best_validation_mention_recall": 0.8371182458888019,
  "best_validation_loss": 73.52596009933218,
  "training_coref_precision": 0.6423834501557961,
  "training_coref_recall": 0.2997976444965985,
  "training_coref_f1": 0.40632404295059715,
  "training_mention_recall": 0.8449862005519779,
  "training_loss": 58.78164376622997,
  "validation_coref_precision": 0.6106683657277311,
  "validation_coref_recall": 0.35300084652884794,
  "validation_coref_f1": 0.44491763891364533,
  "validation_mention_recall": 0.8371182458888019,
  "validation_loss": 73.52596009933218
}