{
  "training_duration": "02:18:21",
  "training_start_epoch": 0,
  "training_epochs": 23,
  "epoch": 23,
  "best_epoch": 20,
  "best_validation_coref_precision": 0.6195359103806787,
  "best_validation_coref_recall": 0.47431761377121245,
  "best_validation_coref_f1": 0.5363168008450027,
  "best_validation_mention_recall": 0.8857217436700601,
  "best_validation_loss": 69.75176187013561,
  "training_coref_precision": 0.7461537620651141,
  "training_coref_recall": 0.5102921373023198,
  "training_coref_f1": 0.6051730789038728,
  "training_mention_recall": 0.8995670995670996,
  "training_loss": 32.59436254085983,
  "validation_coref_precision": 0.6397091554270918,
  "validation_coref_recall": 0.4580236416729497,
  "validation_coref_f1": 0.5322902393199115,
  "validation_mention_recall": 0.8872879143826677,
  "validation_loss": 70.78997103224235
}