{
  "training_duration": "03:41:59",
  "training_start_epoch": 0,
  "training_epochs": 15,
  "epoch": 15,
  "best_epoch": 15,
  "best_validation_coref_precision": 0.630795585203526,
  "best_validation_coref_recall": 0.4482212395665361,
  "best_validation_coref_f1": 0.5228178295969917,
  "best_validation_mention_recall": 0.8799269120334117,
  "best_validation_loss": 66.17079970153706,
  "training_coref_precision": 0.7364846892744659,
  "training_coref_recall": 0.49191951966439795,
  "training_coref_f1": 0.588561735071811,
  "training_mention_recall": 0.9025024777006938,
  "training_loss": 34.2236829086312,
  "validation_coref_precision": 0.630795585203526,
  "validation_coref_recall": 0.4482212395665361,
  "validation_coref_f1": 0.5228178295969917,
  "validation_mention_recall": 0.8799269120334117,
  "validation_loss": 66.17079970153706
}