{
  "training_duration": "03:33:21",
  "training_start_epoch": 0,
  "training_epochs": 12,
  "epoch": 12,
  "best_epoch": 9,
  "best_validation_coref_precision": 0.6072650313232509,
  "best_validation_coref_recall": 0.43657435637071923,
  "best_validation_coref_f1": 0.5060030786009158,
  "best_validation_mention_recall": 0.8699556251631427,
  "best_validation_loss": 70.34892241296198,
  "training_coref_precision": 0.7171912935436197,
  "training_coref_recall": 0.4558193218420981,
  "training_coref_f1": 0.5557190230268997,
  "training_mention_recall": 0.8943673604228609,
  "training_loss": 38.07078825164501,
  "validation_coref_precision": 0.6403388355767735,
  "validation_coref_recall": 0.42052334244051287,
  "validation_coref_f1": 0.5054953205365784,
  "validation_mention_recall": 0.874915165753067,
  "validation_loss": 64.88189415840036
}