{
  "training_duration": "00:10:35",
  "training_start_epoch": 0,
  "training_epochs": 7,
  "epoch": 7,
  "best_epoch": 5,
  "best_validation_coref_precision": 0.6159892019500955,
  "best_validation_coref_recall": 0.39942339536433624,
  "best_validation_coref_f1": 0.48257139109453834,
  "best_validation_mention_recall": 0.8648394675019577,
  "best_validation_loss": 71.55081003695814,
  "training_coref_precision": 0.6946454614375214,
  "training_coref_recall": 0.42575715918971485,
  "training_coref_f1": 0.5259006388579347,
  "training_mention_recall": 0.8967998422920226,
  "training_loss": 47.215060528422306,
  "validation_coref_precision": 0.6145449629812794,
  "validation_coref_recall": 0.3993371802406782,
  "validation_coref_f1": 0.4819677061219381,
  "validation_mention_recall": 0.8676063690942313,
  "validation_loss": 70.44656855745497
}