{
  "training_duration": "00:35:41",
  "training_start_epoch": 0,
  "training_epochs": 9,
  "epoch": 9,
  "best_epoch": 9,
  "best_validation_coref_precision": 0.6363370101020119,
  "best_validation_coref_recall": 0.423365367832508,
  "best_validation_coref_f1": 0.5067184508517623,
  "best_validation_mention_recall": 0.8728269381362569,
  "best_validation_loss": 67.33861038818651,
  "training_coref_precision": 0.7015117024922972,
  "training_coref_recall": 0.4371758938940653,
  "training_coref_f1": 0.536832962818016,
  "training_mention_recall": 0.8969636135508156,
  "training_loss": 41.741123610435466,
  "validation_coref_precision": 0.6363370101020119,
  "validation_coref_recall": 0.423365367832508,
  "validation_coref_f1": 0.5067184508517623,
  "validation_mention_recall": 0.8728269381362569,
  "validation_loss": 67.33861038818651
}