{
  "training_duration": "01:35:32",
  "training_start_epoch": 0,
  "training_epochs": 10,
  "epoch": 10,
  "best_epoch": 9,
  "best_validation_coref_precision": 0.6072650313232509,
  "best_validation_coref_recall": 0.43657435637071923,
  "best_validation_coref_f1": 0.5060030786009158,
  "best_validation_mention_recall": 0.8699556251631427,
  "best_validation_loss": 70.34892241296198,
  "training_coref_precision": 0.7117262614122533,
  "training_coref_recall": 0.45090838874984823,
  "training_coref_f1": 0.5505775376126181,
  "training_mention_recall": 0.89831869510665,
  "training_loss": 41.431747287648676,
  "validation_coref_precision": 0.6347154709050568,
  "validation_coref_recall": 0.42063231908178206,
  "validation_coref_f1": 0.5035672021017956,
  "validation_mention_recall": 0.8705298877577656,
  "validation_loss": 65.9382047056283
}