{
  "training_duration": "03:33:10",
  "training_start_epoch": 0,
  "training_epochs": 29,
  "epoch": 29,
  "best_epoch": 27,
  "best_validation_coref_precision": 0.6286670263799133,
  "best_validation_coref_recall": 0.48194105211168764,
  "best_validation_coref_f1": 0.5451679082820678,
  "best_validation_mention_recall": 0.8915165753067085,
  "best_validation_loss": 67.30327653479776,
  "training_coref_precision": 0.7453775447979817,
  "training_coref_recall": 0.49495409994971,
  "training_coref_f1": 0.5938522851092628,
  "training_mention_recall": 0.8940024314467108,
  "training_loss": 33.13826223892255,
  "validation_coref_precision": 0.6289410825462293,
  "validation_coref_recall": 0.4766930597569586,
  "validation_coref_f1": 0.5415777342806317,
  "validation_mention_recall": 0.8911511354737667,
  "validation_loss": 67.78103922244226
}