{
  "training_duration": "00:41:24",
  "training_start_epoch": 0,
  "training_epochs": 12,
  "epoch": 12,
  "best_epoch": 12,
  "best_validation_coref_precision": 0.6075086793309373,
  "best_validation_coref_recall": 0.4567986176829859,
  "best_validation_coref_f1": 0.5204823880825634,
  "best_validation_mention_recall": 0.8791438266771078,
  "best_validation_loss": 70.12329641297329,
  "training_coref_precision": 0.7219374125123631,
  "training_coref_recall": 0.47769216471012205,
  "training_coref_f1": 0.5736620934701894,
  "training_mention_recall": 0.9055708908406525,
  "training_loss": 38.06017411243015,
  "validation_coref_precision": 0.6075086793309373,
  "validation_coref_recall": 0.4567986176829859,
  "validation_coref_f1": 0.5204823880825634,
  "validation_mention_recall": 0.8791438266771078,
  "validation_loss": 70.12329641297329
}