{
  "training_duration": "00:05:26",
  "training_start_epoch": 0,
  "training_epochs": 3,
  "epoch": 3,
  "best_epoch": 3,
  "best_validation_coref_precision": 0.6278628717224072,
  "best_validation_coref_recall": 0.3520610600226859,
  "best_validation_coref_f1": 0.44789221678233204,
  "best_validation_mention_recall": 0.8575828765335421,
  "best_validation_loss": 70.6162707975498,
  "training_coref_precision": 0.6579599486347489,
  "training_coref_recall": 0.3407092780008636,
  "training_coref_f1": 0.44658401551778404,
  "training_mention_recall": 0.8677224339597844,
  "training_loss": 55.56690759371434,
  "validation_coref_precision": 0.6278628717224072,
  "validation_coref_recall": 0.3520610600226859,
  "validation_coref_f1": 0.44789221678233204,
  "validation_mention_recall": 0.8575828765335421,
  "validation_loss": 70.6162707975498
}