{
  "training_duration": "03:45:14",
  "training_start_epoch": 0,
  "training_epochs": 16,
  "epoch": 16,
  "best_epoch": 16,
  "best_validation_coref_precision": 0.6169000823244466,
  "best_validation_coref_recall": 0.46149310454786546,
  "best_validation_coref_f1": 0.5275923347127714,
  "best_validation_mention_recall": 0.8825371965544244,
  "best_validation_loss": 70.06898885585215,
  "training_coref_precision": 0.7439821054424569,
  "training_coref_recall": 0.5039602859652202,
  "training_coref_f1": 0.5998423923312526,
  "training_mention_recall": 0.9042575156921044,
  "training_loss": 33.22163021117934,
  "validation_coref_precision": 0.6169000823244466,
  "validation_coref_recall": 0.46149310454786546,
  "validation_coref_f1": 0.5275923347127714,
  "validation_mention_recall": 0.8825371965544244,
  "validation_loss": 70.06898885585215
}