{
  "training_duration": "01:26:19",
  "training_start_epoch": 0,
  "training_epochs": 19,
  "epoch": 19,
  "best_epoch": 18,
  "best_validation_coref_precision": 0.6393124633453374,
  "best_validation_coref_recall": 0.4522863283234149,
  "best_validation_coref_f1": 0.5289857470503779,
  "best_validation_mention_recall": 0.8856173322892196,
  "best_validation_loss": 68.47200465728,
  "training_coref_precision": 0.7503464044647478,
  "training_coref_recall": 0.5177962929042145,
  "training_coref_f1": 0.6118387056056719,
  "training_mention_recall": 0.9083457218368021,
  "training_loss": 31.1774043516651,
  "validation_coref_precision": 0.609386573704395,
  "validation_coref_recall": 0.46838347237885,
  "validation_coref_f1": 0.5289199170409072,
  "validation_mention_recall": 0.8858261550509006,
  "validation_loss": 70.08089161904816
}