{
  "training_duration": "00:09:18",
  "training_start_epoch": 0,
  "training_epochs": 6,
  "epoch": 6,
  "best_epoch": 5,
  "best_validation_coref_precision": 0.6159892019500955,
  "best_validation_coref_recall": 0.39942339536433624,
  "best_validation_coref_f1": 0.48257139109453834,
  "best_validation_mention_recall": 0.8648394675019577,
  "best_validation_loss": 71.55081003695814,
  "training_coref_precision": 0.6826777797655046,
  "training_coref_recall": 0.41071330106062104,
  "training_coref_f1": 0.5105980250407413,
  "training_mention_recall": 0.891707188855303,
  "training_loss": 49.14005493033877,
  "validation_coref_precision": 0.6253243876016046,
  "validation_coref_recall": 0.39250814449137966,
  "validation_coref_f1": 0.48004676880103414,
  "validation_mention_recall": 0.8618637431480032,
  "validation_loss": 69.04809295444724
}