{
  "training_duration": "03:24:01",
  "training_start_epoch": 0,
  "training_epochs": 27,
  "epoch": 27,
  "best_epoch": 27,
  "best_validation_coref_precision": 0.6286670263799133,
  "best_validation_coref_recall": 0.48194105211168764,
  "best_validation_coref_f1": 0.5451679082820678,
  "best_validation_mention_recall": 0.8915165753067085,
  "best_validation_loss": 67.30327653479776,
  "training_coref_precision": 0.7362538533489794,
  "training_coref_recall": 0.48718343205955666,
  "training_coref_f1": 0.5853052587633228,
  "training_mention_recall": 0.890328245305957,
  "training_loss": 34.7634211042499,
  "validation_coref_precision": 0.6286670263799133,
  "validation_coref_recall": 0.48194105211168764,
  "validation_coref_f1": 0.5451679082820678,
  "validation_mention_recall": 0.8915165753067085,
  "validation_loss": 67.30327653479776
}