{
  "training_duration": "00:02:55",
  "training_start_epoch": 0,
  "training_epochs": 1,
  "epoch": 1,
  "best_epoch": 1,
  "best_validation_coref_precision": 0.574038664737231,
  "best_validation_coref_recall": 0.32965831332687884,
  "best_validation_coref_f1": 0.4159400173133867,
  "best_validation_mention_recall": 0.8225006525711303,
  "best_validation_loss": 84.28561522905055,
  "training_coref_precision": 0.6288120091527555,
  "training_coref_recall": 0.2350889894772837,
  "training_coref_f1": 0.3404866304320134,
  "training_mention_recall": 0.781180181364174,
  "training_loss": 59.93925230210381,
  "validation_coref_precision": 0.574038664737231,
  "validation_coref_recall": 0.32965831332687884,
  "validation_coref_f1": 0.4159400173133867,
  "validation_mention_recall": 0.8225006525711303,
  "validation_loss": 84.28561522905055
}