{
  "training_duration": "03:38:52",
  "training_start_epoch": 0,
  "training_epochs": 14,
  "epoch": 14,
  "best_epoch": 13,
  "best_validation_coref_precision": 0.6140375098306111,
  "best_validation_coref_recall": 0.45371120184091707,
  "best_validation_coref_f1": 0.5206947103637681,
  "best_validation_mention_recall": 0.8798747063429914,
  "best_validation_loss": 69.1264335165566,
  "training_coref_precision": 0.7313594011083037,
  "training_coref_recall": 0.4843348478483131,
  "training_coref_f1": 0.5814704275808679,
  "training_mention_recall": 0.9006648496861579,
  "training_loss": 35.30911710813849,
  "validation_coref_precision": 0.6353267136016805,
  "validation_coref_recall": 0.43114315730433633,
  "validation_coref_f1": 0.5124963634009384,
  "validation_mention_recall": 0.8780997128687027,
  "validation_loss": 67.81422388592719
}