{
  "training_duration": "02:25:28",
  "training_start_epoch": 0,
  "training_epochs": 25,
  "epoch": 25,
  "best_epoch": 24,
  "best_validation_coref_precision": 0.6281165000428449,
  "best_validation_coref_recall": 0.47726992664899276,
  "best_validation_coref_f1": 0.5416890681809216,
  "best_validation_mention_recall": 0.8893761419994779,
  "best_validation_loss": 67.42152859333567,
  "training_coref_precision": 0.7537924023745949,
  "training_coref_recall": 0.5203189093334543,
  "training_coref_f1": 0.6148311029431949,
  "training_mention_recall": 0.9020979020979021,
  "training_loss": 31.242195029701666,
  "validation_coref_precision": 0.634570856639036,
  "validation_coref_recall": 0.46263947497312863,
  "validation_coref_f1": 0.5342706737556673,
  "validation_mention_recall": 0.8880187940485513,
  "validation_loss": 68.04017123640257
}