{
  "training_duration": "03:36:00",
  "training_start_epoch": 0,
  "training_epochs": 13,
  "epoch": 13,
  "best_epoch": 13,
  "best_validation_coref_precision": 0.6140375098306111,
  "best_validation_coref_recall": 0.45371120184091707,
  "best_validation_coref_f1": 0.5206947103637681,
  "best_validation_mention_recall": 0.8798747063429914,
  "best_validation_loss": 69.1264335165566,
  "training_coref_precision": 0.725919794013388,
  "training_coref_recall": 0.47053690125657327,
  "training_coref_f1": 0.5695262906679962,
  "training_mention_recall": 0.8990749917409977,
  "training_loss": 36.39034371103968,
  "validation_coref_precision": 0.6140375098306111,
  "validation_coref_recall": 0.45371120184091707,
  "validation_coref_f1": 0.5206947103637681,
  "validation_mention_recall": 0.8798747063429914,
  "validation_loss": 69.1264335165566
}