{
  "training_duration": "00:01:28",
  "training_start_epoch": 0,
  "training_epochs": 0,
  "epoch": 0,
  "best_epoch": 0,
  "best_validation_coref_precision": 0.593810716337396,
  "best_validation_coref_recall": 0.17485663263131634,
  "best_validation_coref_f1": 0.26893728635866265,
  "best_validation_mention_recall": 0.6719916470895327,
  "best_validation_loss": 63.4008490093943,
  "training_coref_precision": 0.5997329982995739,
  "training_coref_recall": 0.12100889771108696,
  "training_coref_f1": 0.20045992393017334,
  "training_mention_recall": 0.5324944145091339,
  "training_loss": 51.48194618529798,
  "validation_coref_precision": 0.593810716337396,
  "validation_coref_recall": 0.17485663263131634,
  "validation_coref_f1": 0.26893728635866265,
  "validation_mention_recall": 0.6719916470895327,
  "validation_loss": 63.4008490093943
}