{
  "training_duration": "03:56:44",
  "training_start_epoch": 0,
  "training_epochs": 20,
  "epoch": 20,
  "best_epoch": 18,
  "best_validation_coref_precision": 0.6278436969446671,
  "best_validation_coref_recall": 0.46149557893473864,
  "best_validation_coref_f1": 0.5309650146732334,
  "best_validation_mention_recall": 0.8827460193161054,
  "best_validation_loss": 69.41199974351869,
  "training_coref_precision": 0.7566316925673752,
  "training_coref_recall": 0.5300646035130699,
  "training_coref_f1": 0.6225484947523187,
  "training_mention_recall": 0.9087999669639908,
  "training_loss": 30.32768480561686,
  "validation_coref_precision": 0.6178589776008554,
  "validation_coref_recall": 0.4606604011028052,
  "validation_coref_f1": 0.527120663550848,
  "validation_mention_recall": 0.8839467501957713,
  "validation_loss": 70.70594910545269
}