{
  "training_duration": "03:48:08",
  "training_start_epoch": 0,
  "training_epochs": 17,
  "epoch": 17,
  "best_epoch": 16,
  "best_validation_coref_precision": 0.6169000823244466,
  "best_validation_coref_recall": 0.46149310454786546,
  "best_validation_coref_f1": 0.5275923347127714,
  "best_validation_mention_recall": 0.8825371965544244,
  "best_validation_loss": 70.06898885585215,
  "training_coref_precision": 0.7445793011841212,
  "training_coref_recall": 0.5120156978152876,
  "training_coref_f1": 0.6058131412119293,
  "training_mention_recall": 0.9053724810042947,
  "training_loss": 32.49940901545444,
  "validation_coref_precision": 0.6421180206126383,
  "validation_coref_recall": 0.4360170933128082,
  "validation_coref_f1": 0.5173375299992352,
  "validation_mention_recall": 0.8802401461759332,
  "validation_loss": 67.65817376035035
}