{
  "training_duration": "03:53:36",
  "training_start_epoch": 0,
  "training_epochs": 57,
  "epoch": 57,
  "best_epoch": 27,
  "best_validation_coref_precision": 0.5986169858440232,
  "best_validation_coref_recall": 0.45542453615676615,
  "best_validation_coref_f1": 0.5170740827205379,
  "best_validation_mention_recall": 0.8823283737927434,
  "best_validation_loss": 77.31906248076272,
  "training_coref_precision": 0.6274637083453335,
  "training_coref_recall": 0.46800343745126055,
  "training_coref_f1": 0.5329098298483017,
  "training_mention_recall": 0.8955887836048291,
  "training_loss": 26.575410954103642,
  "validation_coref_precision": 0.5839826103644302,
  "validation_coref_recall": 0.46210604888960893,
  "validation_coref_f1": 0.5139074831753647,
  "validation_mention_recall": 0.883059253458627,
  "validation_loss": 94.53153634945653
}