{
  "training_duration": "03:54:22",
  "training_start_epoch": 0,
  "training_epochs": 68,
  "epoch": 68,
  "best_epoch": 58,
  "best_validation_coref_precision": 0.6057544737363002,
  "best_validation_coref_recall": 0.5097472413539803,
  "best_validation_coref_f1": 0.5527166296221669,
  "best_validation_mention_recall": 0.9016966849386583,
  "best_validation_loss": 73.50246948212298,
  "training_coref_precision": 0.6624185377239447,
  "training_coref_recall": 0.5340501617764359,
  "training_coref_f1": 0.5873190736634178,
  "training_mention_recall": 0.9151699044729297,
  "training_loss": 29.322570358348035,
  "validation_coref_precision": 0.5995285921779653,
  "validation_coref_recall": 0.5120054144570371,
  "validation_coref_f1": 0.5505791452248071,
  "validation_mention_recall": 0.9029496215087445,
  "validation_loss": 80.14577969828343
}