{
  "training_duration": "01:12:25",
  "training_start_epoch": 0,
  "training_epochs": 16,
  "epoch": 16,
  "best_epoch": 15,
  "best_validation_coref_precision": 0.6079668451442054,
  "best_validation_coref_recall": 0.44418079465002874,
  "best_validation_coref_f1": 0.5122499383368418,
  "best_validation_mention_recall": 0.8766379535369355,
  "best_validation_loss": 71.43976691673691,
  "training_coref_precision": 0.7450129798344284,
  "training_coref_recall": 0.5140853200200667,
  "training_coref_f1": 0.6073620119179751,
  "training_mention_recall": 0.9117942283563363,
  "training_loss": 34.84606302363916,
  "validation_coref_precision": 0.6172654353140354,
  "validation_coref_recall": 0.43264082178834934,
  "validation_coref_f1": 0.5063166202776849,
  "validation_mention_recall": 0.8821717567214826,
  "validation_loss": 74.18311141470431
}