{
  "training_duration": "06:07:44",
  "training_start_epoch": 0,
  "training_epochs": 32,
  "epoch": 32,
  "best_epoch": 29,
  "best_validation_coref_precision": 0.6214108439655637,
  "best_validation_coref_recall": 0.47085848990200957,
  "best_validation_coref_f1": 0.5350806798717653,
  "best_validation_mention_recall": 0.8857739493604803,
  "best_validation_loss": 69.28363400920628,
  "training_coref_precision": 0.7396951209541927,
  "training_coref_recall": 0.49006258664466973,
  "training_coref_f1": 0.588452635872947,
  "training_mention_recall": 0.8887613129812238,
  "training_loss": 34.67250220203968,
  "validation_coref_precision": 0.6523409444497991,
  "validation_coref_recall": 0.4487328659803851,
  "validation_coref_f1": 0.5303008642708864,
  "validation_mention_recall": 0.8882276168102323,
  "validation_loss": 67.21668753159332
}