{
  "training_duration": "01:14:43",
  "training_start_epoch": 0,
  "training_epochs": 17,
  "epoch": 17,
  "best_epoch": 17,
  "best_validation_coref_precision": 0.60123823385446,
  "best_validation_coref_recall": 0.4524233002569708,
  "best_validation_coref_f1": 0.5148272422726256,
  "best_validation_mention_recall": 0.8778386844166014,
  "best_validation_loss": 72.8262426777588,
  "training_coref_precision": 0.7445831276467443,
  "training_coref_recall": 0.518829932390544,
  "training_coref_f1": 0.6105386175521876,
  "training_mention_recall": 0.9125219573400251,
  "training_loss": 33.77171387717366,
  "validation_coref_precision": 0.60123823385446,
  "validation_coref_recall": 0.4524233002569708,
  "validation_coref_f1": 0.5148272422726256,
  "validation_mention_recall": 0.8778386844166014,
  "validation_loss": 72.8262426777588
}