{
  "training_duration": "06:22:54",
  "training_start_epoch": 0,
  "training_epochs": 35,
  "epoch": 35,
  "best_epoch": 34,
  "best_validation_coref_precision": 0.6354242516150616,
  "best_validation_coref_recall": 0.4852472851971861,
  "best_validation_coref_f1": 0.5496050185474672,
  "best_validation_mention_recall": 0.8917253980683895,
  "best_validation_loss": 67.25931425841318,
  "training_coref_precision": 0.7509466869120603,
  "training_coref_recall": 0.5044136925203141,
  "training_coref_f1": 0.6024643908945219,
  "training_mention_recall": 0.8935566662163987,
  "training_loss": 32.52906812571323,
  "validation_coref_precision": 0.6261319930715402,
  "validation_coref_recall": 0.48926734080713125,
  "validation_coref_f1": 0.5490189773062563,
  "validation_mention_recall": 0.8921430435917515,
  "validation_loss": 68.07392278908543
}