{
  "training_duration": "01:23:40",
  "training_start_epoch": 0,
  "training_epochs": 21,
  "epoch": 21,
  "best_epoch": 21,
  "best_validation_coref_precision": 0.6099088676891504,
  "best_validation_coref_recall": 0.45535883193144516,
  "best_validation_coref_f1": 0.5206737000684214,
  "best_validation_mention_recall": 0.8798225006525712,
  "best_validation_loss": 73.86147280135151,
  "training_coref_precision": 0.7594067361641618,
  "training_coref_recall": 0.546745372140084,
  "training_coref_f1": 0.6350348215783918,
  "training_mention_recall": 0.917189460476788,
  "training_loss": 31.15608232800717,
  "validation_coref_precision": 0.6099088676891504,
  "validation_coref_recall": 0.45535883193144516,
  "validation_coref_f1": 0.5206737000684214,
  "validation_mention_recall": 0.8798225006525712,
  "validation_loss": 73.86147280135151
}