{
  "training_duration": "04:13:11",
  "training_start_epoch": 0,
  "training_epochs": 30,
  "epoch": 30,
  "best_epoch": 29,
  "best_validation_coref_precision": 0.6214108439655637,
  "best_validation_coref_recall": 0.47085848990200957,
  "best_validation_coref_f1": 0.5350806798717653,
  "best_validation_mention_recall": 0.8857739493604803,
  "best_validation_loss": 69.28363400920628,
  "training_coref_precision": 0.7544276323879843,
  "training_coref_recall": 0.5298683927997225,
  "training_coref_f1": 0.6216699540329067,
  "training_mention_recall": 0.9055611055611056,
  "training_loss": 30.960436722147307,
  "validation_coref_precision": 0.6231402410663758,
  "validation_coref_recall": 0.46689506203943854,
  "validation_coref_f1": 0.5329906099027071,
  "validation_mention_recall": 0.8870790916209866,
  "validation_loss": 69.56992807408724
}