{
  "training_duration": "06:27:07",
  "training_start_epoch": 0,
  "training_epochs": 36,
  "epoch": 36,
  "best_epoch": 34,
  "best_validation_coref_precision": 0.6354242516150616,
  "best_validation_coref_recall": 0.4852472851971861,
  "best_validation_coref_f1": 0.5496050185474672,
  "best_validation_mention_recall": 0.8917253980683895,
  "best_validation_loss": 67.25931425841318,
  "training_coref_precision": 0.7520361550242644,
  "training_coref_recall": 0.5096375441440908,
  "training_coref_f1": 0.6065688898870966,
  "training_mention_recall": 0.8951100905038498,
  "training_loss": 31.71019895943027,
  "validation_coref_precision": 0.6361610914449893,
  "validation_coref_recall": 0.4760034452920845,
  "validation_coref_f1": 0.5436933923002074,
  "validation_mention_recall": 0.8940224484468807,
  "validation_loss": 69.65713456349648
}