{
  "training_duration": "02:30:21",
  "training_start_epoch": 0,
  "training_epochs": 25,
  "epoch": 25,
  "best_epoch": 25,
  "best_validation_coref_precision": 0.593826516299042,
  "best_validation_coref_recall": 0.47745924556583325,
  "best_validation_coref_f1": 0.5285257211949174,
  "best_validation_mention_recall": 0.8864004176455234,
  "best_validation_loss": 73.7559456985346,
  "training_coref_precision": 0.754066753349958,
  "training_coref_recall": 0.5398999706501257,
  "training_coref_f1": 0.6283976223427498,
  "training_mention_recall": 0.9119796828543112,
  "training_loss": 30.238382644303375,
  "validation_coref_precision": 0.593826516299042,
  "validation_coref_recall": 0.47745924556583325,
  "validation_coref_f1": 0.5285257211949174,
  "validation_mention_recall": 0.8864004176455234,
  "validation_loss": 73.7559456985346
}