{
  "training_duration": "02:35:34",
  "training_start_epoch": 0,
  "training_epochs": 27,
  "epoch": 27,
  "best_epoch": 25,
  "best_validation_coref_precision": 0.593826516299042,
  "best_validation_coref_recall": 0.47745924556583325,
  "best_validation_coref_f1": 0.5285257211949174,
  "best_validation_mention_recall": 0.8864004176455234,
  "best_validation_loss": 73.7559456985346,
  "training_coref_precision": 0.7597246621195387,
  "training_coref_recall": 0.5495078213974277,
  "training_coref_f1": 0.6370426224336613,
  "training_mention_recall": 0.9141063759497853,
  "training_loss": 29.165681393237595,
  "validation_coref_precision": 0.6103777656371697,
  "validation_coref_recall": 0.4667897735643019,
  "validation_coref_f1": 0.5282937398780625,
  "validation_mention_recall": 0.8802923518663535,
  "validation_loss": 71.42320689980386
}