{
  "training_duration": "04:17:29",
  "training_start_epoch": 0,
  "training_epochs": 31,
  "epoch": 31,
  "best_epoch": 29,
  "best_validation_coref_precision": 0.6214108439655637,
  "best_validation_coref_recall": 0.47085848990200957,
  "best_validation_coref_f1": 0.5350806798717653,
  "best_validation_mention_recall": 0.8857739493604803,
  "best_validation_loss": 69.28363400920628,
  "training_coref_precision": 0.7568154370038614,
  "training_coref_recall": 0.5308491976209638,
  "training_coref_f1": 0.623203063513658,
  "training_mention_recall": 0.9060273060273061,
  "training_loss": 30.63150055858203,
  "validation_coref_precision": 0.6181795747099977,
  "validation_coref_recall": 0.46866892057812864,
  "validation_coref_f1": 0.5323073567813358,
  "validation_mention_recall": 0.8872879143826677,
  "validation_loss": 69.24418884584729
}