{
  "training_duration": "00:10:55",
  "training_start_epoch": 0,
  "training_epochs": 6,
  "epoch": 6,
  "best_epoch": 6,
  "best_validation_coref_precision": 0.6210427820520344,
  "best_validation_coref_recall": 0.4003923460864775,
  "best_validation_coref_f1": 0.4843452877328525,
  "best_validation_mention_recall": 0.8705820934481858,
  "best_validation_loss": 70.92085885349933,
  "training_coref_precision": 0.6839100786595081,
  "training_coref_recall": 0.40613055727195824,
  "training_coref_f1": 0.507147564088224,
  "training_mention_recall": 0.891772900512551,
  "training_loss": 49.12301364021775,
  "validation_coref_precision": 0.6210427820520344,
  "validation_coref_recall": 0.4003923460864775,
  "validation_coref_f1": 0.4843452877328525,
  "validation_mention_recall": 0.8705820934481858,
  "validation_loss": 70.92085885349933
}