{
  "training_duration": "01:19:05",
  "training_start_epoch": 0,
  "training_epochs": 19,
  "epoch": 19,
  "best_epoch": 19,
  "best_validation_coref_precision": 0.5962972161930779,
  "best_validation_coref_recall": 0.4586987090417862,
  "best_validation_coref_f1": 0.5180772138755009,
  "best_validation_mention_recall": 0.880187940485513,
  "best_validation_loss": 74.37300592743446,
  "training_coref_precision": 0.7532672745201742,
  "training_coref_recall": 0.5341165368859636,
  "training_coref_f1": 0.6241079635573478,
  "training_mention_recall": 0.9144291091593476,
  "training_loss": 32.60944826399789,
  "validation_coref_precision": 0.5962972161930779,
  "validation_coref_recall": 0.4586987090417862,
  "validation_coref_f1": 0.5180772138755009,
  "validation_mention_recall": 0.880187940485513,
  "validation_loss": 74.37300592743446
}