{
  "training_duration": "02:27:50",
  "training_start_epoch": 0,
  "training_epochs": 24,
  "epoch": 24,
  "best_epoch": 24,
  "best_validation_coref_precision": 0.6288969385157408,
  "best_validation_coref_recall": 0.44635578608249654,
  "best_validation_coref_f1": 0.5208080873560895,
  "best_validation_mention_recall": 0.8805011746280345,
  "best_validation_loss": 70.59152597114009,
  "training_coref_precision": 0.7516431962495913,
  "training_coref_recall": 0.5334323700449176,
  "training_coref_f1": 0.6230034039295813,
  "training_mention_recall": 0.9099355797819624,
  "training_loss": 31.5438874862569,
  "validation_coref_precision": 0.6288969385157408,
  "validation_coref_recall": 0.44635578608249654,
  "validation_coref_f1": 0.5208080873560895,
  "validation_mention_recall": 0.8805011746280345,
  "validation_loss": 70.59152597114009
}