{
  "training_duration": "00:09:18",
  "training_start_epoch": 0,
  "training_epochs": 5,
  "epoch": 5,
  "best_epoch": 4,
  "best_validation_coref_precision": 0.5975241809585284,
  "best_validation_coref_recall": 0.4007825868936797,
  "best_validation_coref_f1": 0.47806412196000814,
  "best_validation_mention_recall": 0.8610806577916993,
  "best_validation_loss": 72.5657562308513,
  "training_coref_precision": 0.6782315128647832,
  "training_coref_recall": 0.39255897513855015,
  "training_coref_f1": 0.4952307628429112,
  "training_mention_recall": 0.8875016427914312,
  "training_loss": 51.1766584457191,
  "validation_coref_precision": 0.6094954713576624,
  "validation_coref_recall": 0.3843435136954338,
  "validation_coref_f1": 0.46882057325908116,
  "validation_mention_recall": 0.8657791699295223,
  "validation_loss": 71.47618431604465
}