{
  "training_duration": "00:01:38",
  "training_start_epoch": 0,
  "training_epochs": 0,
  "epoch": 0,
  "best_epoch": 0,
  "best_validation_coref_precision": 0.597452599963261,
  "best_validation_coref_recall": 0.1914252419296079,
  "best_validation_coref_f1": 0.2889554867658685,
  "best_validation_mention_recall": 0.6633777081701906,
  "best_validation_loss": 63.431871458936925,
  "training_coref_precision": 0.6114706544285043,
  "training_coref_recall": 0.11986920876587732,
  "training_coref_f1": 0.19945350798560538,
  "training_mention_recall": 0.5322972795373899,
  "training_loss": 50.872134068862984,
  "validation_coref_precision": 0.597452599963261,
  "validation_coref_recall": 0.1914252419296079,
  "validation_coref_f1": 0.2889554867658685,
  "validation_mention_recall": 0.6633777081701906,
  "validation_loss": 63.431871458936925
}