{
  "training_duration": "00:14:04",
  "training_start_epoch": 0,
  "training_epochs": 8,
  "epoch": 8,
  "best_epoch": 6,
  "best_validation_coref_precision": 0.6210427820520344,
  "best_validation_coref_recall": 0.4003923460864775,
  "best_validation_coref_f1": 0.4843452877328525,
  "best_validation_mention_recall": 0.8705820934481858,
  "best_validation_loss": 70.92085885349933,
  "training_coref_precision": 0.7062599412947886,
  "training_coref_recall": 0.44713348026038197,
  "training_coref_f1": 0.5457021161075744,
  "training_mention_recall": 0.9023524773294782,
  "training_loss": 45.21778553907627,
  "validation_coref_precision": 0.6030524046011494,
  "validation_coref_recall": 0.4041929010505334,
  "validation_coref_f1": 0.4815824915026193,
  "validation_mention_recall": 0.8704776820673453,
  "validation_loss": 74.09363169824765
}