{
  "training_duration": "01:03:13",
  "training_start_epoch": 0,
  "training_epochs": 12,
  "epoch": 12,
  "best_epoch": 12,
  "best_validation_coref_precision": 0.6073923584470391,
  "best_validation_coref_recall": 0.44012910341113537,
  "best_validation_coref_f1": 0.5085466526798577,
  "best_validation_mention_recall": 0.8766901592273558,
  "best_validation_loss": 70.62235629410856,
  "training_coref_precision": 0.7237646406850132,
  "training_coref_recall": 0.4741449063767222,
  "training_coref_f1": 0.5716866936911217,
  "training_mention_recall": 0.9037892095357591,
  "training_loss": 38.83544816713767,
  "validation_coref_precision": 0.6073923584470391,
  "validation_coref_recall": 0.44012910341113537,
  "validation_coref_f1": 0.5085466526798577,
  "validation_mention_recall": 0.8766901592273558,
  "validation_loss": 70.62235629410856
}