{
  "training_duration": "01:10:06",
  "training_start_epoch": 0,
  "training_epochs": 15,
  "epoch": 15,
  "best_epoch": 15,
  "best_validation_coref_precision": 0.6079668451442054,
  "best_validation_coref_recall": 0.44418079465002874,
  "best_validation_coref_f1": 0.5122499383368418,
  "best_validation_mention_recall": 0.8766379535369355,
  "best_validation_loss": 71.43976691673691,
  "training_coref_precision": 0.7377326167932305,
  "training_coref_recall": 0.5029620953490891,
  "training_coref_f1": 0.5969691050250846,
  "training_mention_recall": 0.9086825595984943,
  "training_loss": 35.43749261773402,
  "validation_coref_precision": 0.6079668451442054,
  "validation_coref_recall": 0.44418079465002874,
  "validation_coref_f1": 0.5122499383368418,
  "validation_mention_recall": 0.8766379535369355,
  "validation_loss": 71.43976691673691
}