{
  "training_duration": "00:56:43",
  "training_start_epoch": 0,
  "training_epochs": 9,
  "epoch": 9,
  "best_epoch": 9,
  "best_validation_coref_precision": 0.6069617402167343,
  "best_validation_coref_recall": 0.41412060108847454,
  "best_validation_coref_f1": 0.4899891175348991,
  "best_validation_mention_recall": 0.8718872357086922,
  "best_validation_loss": 71.04286576724957,
  "training_coref_precision": 0.7015531732624924,
  "training_coref_recall": 0.43091783415496515,
  "training_coref_f1": 0.5320941213711433,
  "training_mention_recall": 0.8940025094102886,
  "training_loss": 43.899051362062195,
  "validation_coref_precision": 0.6069617402167343,
  "validation_coref_recall": 0.41412060108847454,
  "validation_coref_f1": 0.4899891175348991,
  "validation_mention_recall": 0.8718872357086922,
  "validation_loss": 71.04286576724957
}