{
  "training_duration": "01:28:25",
  "training_start_epoch": 0,
  "training_epochs": 23,
  "epoch": 23,
  "best_epoch": 21,
  "best_validation_coref_precision": 0.6099088676891504,
  "best_validation_coref_recall": 0.45535883193144516,
  "best_validation_coref_f1": 0.5206737000684214,
  "best_validation_mention_recall": 0.8798225006525712,
  "best_validation_loss": 73.86147280135151,
  "training_coref_precision": 0.7617939963641329,
  "training_coref_recall": 0.5564350140005444,
  "training_coref_f1": 0.6422749086665394,
  "training_mention_recall": 0.9184943538268507,
  "training_loss": 29.766447037753032,
  "validation_coref_precision": 0.5951948515509582,
  "validation_coref_recall": 0.44727817754487686,
  "validation_coref_f1": 0.5096833252829341,
  "validation_mention_recall": 0.8809710258418167,
  "validation_loss": 78.9664689340349
}