{
  "training_duration": "01:07:52",
  "training_start_epoch": 0,
  "training_epochs": 14,
  "epoch": 14,
  "best_epoch": 14,
  "best_validation_coref_precision": 0.6024846716145603,
  "best_validation_coref_recall": 0.44525302240709114,
  "best_validation_coref_f1": 0.5108399193426373,
  "best_validation_mention_recall": 0.8774210388932394,
  "best_validation_loss": 71.51446414202364,
  "training_coref_precision": 0.7320792195095577,
  "training_coref_recall": 0.4938603255475054,
  "training_coref_f1": 0.5885232250929561,
  "training_mention_recall": 0.9074780426599749,
  "training_loss": 36.67000370906671,
  "validation_coref_precision": 0.6024846716145603,
  "validation_coref_recall": 0.44525302240709114,
  "validation_coref_f1": 0.5108399193426373,
  "validation_mention_recall": 0.8774210388932394,
  "validation_loss": 71.51446414202364
}