{
  "training_duration": "19:58:01",
  "training_start_epoch": 0,
  "training_epochs": 534,
  "epoch": 534,
  "best_epoch": 524,
  "best_validation_coref_precision": 0.68076810249143,
  "best_validation_coref_recall": 0.5515782778016419,
  "best_validation_coref_f1": 0.609012274532233,
  "best_validation_mention_recall": 0.9051944661968154,
  "best_validation_loss": 60.58799085037039,
  "training_coref_precision": 0.797356980680917,
  "training_coref_recall": 0.6217937237893735,
  "training_coref_f1": 0.6982276095207296,
  "training_mention_recall": 0.9268632921482662,
  "training_loss": 27.213924637228757,
  "validation_coref_precision": 0.6751331742025792,
  "validation_coref_recall": 0.5536477555189864,
  "validation_coref_f1": 0.6080777390610369,
  "validation_mention_recall": 0.9050900548159749,
  "validation_loss": 60.608626339471904,
  "ensemble_validation_coref_precision": 0.715616496352682,
  "ensemble_validation_coref_recall": 0.5544427509387175,
  "ensemble_validation_coref_f1": 0.6242686533598318,
  "ensemble_validation_mention_recall": 0.9128687026885931,
  "ensemble_validation_loss": 56.369735512560716
}