{
  "training_duration": "03:00:37",
  "training_start_epoch": 0,
  "training_epochs": 38,
  "epoch": 38,
  "training_coref_precision": 0.8056012520303888,
  "training_coref_recall": 0.6291710796785204,
  "training_coref_f1": 0.7060058278989448,
  "training_mention_recall": 0.9294538269746436,
  "training_loss": 26.78074399418673,
  "validation_coref_precision": 0.6665077918445279,
  "validation_coref_recall": 0.5524751792875331,
  "validation_coref_f1": 0.6036767069349017,
  "validation_mention_recall": 0.9082746019316106,
  "validation_loss": 60.49980244896193,
  "best_epoch": 29,
  "best_validation_coref_precision": 0.6667032631947052,
  "best_validation_coref_recall": 0.5559902216540206,
  "best_validation_coref_f1": 0.6058165314663988,
  "best_validation_mention_recall": 0.9085356303837119,
  "best_validation_loss": 59.77755639505771
}
