{
  "training_duration": "06:42:16",
  "training_start_epoch": 0,
  "training_epochs": 96,
  "epoch": 96,
  "best_epoch": 86,
  "best_validation_coref_precision": 0.6812362450100385,
  "best_validation_coref_recall": 0.5461421362718769,
  "best_validation_coref_f1": 0.6059271136356664,
  "best_validation_mention_recall": 0.896528321587053,
  "best_validation_loss": 58.050183269438186,
  "training_coref_precision": 0.8008195874053068,
  "training_coref_recall": 0.6252739960464054,
  "training_coref_f1": 0.7017631616407126,
  "training_mention_recall": 0.9217462297021047,
  "training_loss": 27.47454727899552,
  "validation_coref_precision": 0.6767313140339776,
  "validation_coref_recall": 0.5476116765267297,
  "validation_coref_f1": 0.6051077734611812,
  "validation_mention_recall": 0.898146697990081,
  "validation_loss": 59.4646496243787
}