{
  "training_duration": "05:25:37",
  "training_start_epoch": 0,
  "training_epochs": 83,
  "epoch": 83,
  "best_epoch": 73,
  "best_validation_coref_precision": 0.6413159430771764,
  "best_validation_coref_recall": 0.5149674710753643,
  "best_validation_coref_f1": 0.5708047652416045,
  "best_validation_mention_recall": 0.8973636126337771,
  "best_validation_loss": 68.49296548661746,
  "training_coref_precision": 0.731558061961579,
  "training_coref_recall": 0.5561005428691965,
  "training_coref_f1": 0.6310557999161043,
  "training_mention_recall": 0.911524961750601,
  "training_loss": 25.048953836775365,
  "validation_coref_precision": 0.6365308280417495,
  "validation_coref_recall": 0.516253557973981,
  "validation_coref_f1": 0.5696735232832083,
  "validation_mention_recall": 0.8951187679457061,
  "validation_loss": 73.44721801484509
}